Part_id	Sc_id	answer	Mean gaze_angle_x	Standard Deviation gaze_angle_x	Minimum gaze_angle_x	Maximum gaze_angle_x	Sum gaze_angle_x	Mean gaze_angle_y	Standard Deviation gaze_angle_y	Minimum gaze_angle_y	Maximum gaze_angle_y	Sum gaze_angle_y
1	seg2	1.0	-0.0378943850267379	0.0616801809970623	-0.243	0.151	-28.345	0.4932580213903747	0.0979512811475074	0.155	0.779	368.957
1	seg3	1.0	-0.0523030707610146	0.0580963727090219	-0.243	0.151	-39.175	0.4318825100133512	0.1134130043715843	0.148	0.726	323.48
1	seg5	1.0	0.0279812332439677	0.0819247328112841	-0.18	0.211	20.873999999999995	0.5620026809651474	0.104559243405604	0.219	0.776	419.254
1	seg6	1.0	0.0311534246575342	0.0769922502454679	-0.342	0.241	22.742	0.4713164383561649	0.1270226379496909	-0.137	0.776	344.061
1	seg7	0.0	0.0502489082969432	0.0818611779486471	-0.342	0.241	34.521	0.4305953420669576	0.1125076319914522	-0.137	0.78	295.819
1	seg8	1.0	0.0502489082969432	0.0818611779486471	-0.342	0.241	34.521	0.4305953420669576	0.1125076319914522	-0.137	0.78	295.819
1	seg9	1.0	0.0872943548387096	0.076281300082823	-0.342	0.343	43.298	0.4327782258064516	0.1245628129282338	-0.137	0.78	214.658
1	seg10	1.0	0.0851174242424241	0.0768134635415189	-0.269	0.343	22.471	0.4428409090909087	0.1581074543287731	-0.125	0.729	116.91
1	seg13	1.0	0.0174564102564102	0.0837542920289317	-0.281	0.393	6.808000000000002	0.37481282051282	0.1590991574047973	-0.176	0.75	146.177
1	seg14	1.0	0.0046258278145695	0.142491602152258	-1.127	0.336	1.3970000000000002	0.3787748344370862	0.1890377576141352	-1.01	0.661	114.39
1	seg15	1.0	-0.0044816053511705	0.1425400565519656	-1.127	0.336	-1.3400000000000003	0.3898628762541806	0.1768570590170735	-1.01	0.631	116.56900000000002
1	seg17	1.0	0.0027611111111111	0.0737972470546124	-0.343	0.221	1.4910000000000003	0.4358870370370378	0.1460728516190114	-0.287	0.839	235.379
2	seg2	0.0	-0.05702	0.056059952431898	-0.19	0.092	-42.765	0.4202546666666661	0.1169583308058425	0.216	0.673	315.191
2	seg3	1.0	-0.0622346666666666	0.0511576478305595	-0.197	0.053	-46.676	0.34628	0.08256918876514	0.234	0.593	259.71
2	seg5	1.0	0.0645079928952042	0.0793508600755416	-0.342	0.343	36.318	0.4164511545293071	0.112657353201915	-0.137	0.78	234.462
2	seg6	1.0	0.0863152866242037	0.0718078155759112	-0.269	0.343	27.103	0.4512866242038217	0.1513048784878038	-0.125	0.78	141.704
2	seg7	1.0	0.0613322368421052	0.0981335932221008	-0.269	0.343	18.645	0.4316052631578944	0.1563191808067348	-0.125	0.729	131.208
2	seg8	1.0	0.0613322368421052	0.0981335932221008	-0.269	0.343	18.645	0.4316052631578944	0.1563191808067348	-0.125	0.729	131.208
2	seg9	1.0	0.0168982300884956	0.0808411164140012	-0.269	0.238	7.638	0.4354115044247785	0.1614045339650108	-0.125	0.702	196.806
2	seg10	1.0	0.0132530446549391	0.0691250722717582	-0.191	0.238	9.794	0.429384303112314	0.1563389194149612	0.112	0.719	317.31500000000005
2	seg13	1.0	-0.013688829787234	0.1297488018339823	-1.127	0.336	-5.146999999999999	0.4082234042553193	0.1603069299583345	-1.01	0.631	153.49200000000002
2	seg14	1.0	-0.0126228956228956	0.0767292622003538	-0.223	0.285	-3.749	0.4274006734006735	0.1113788892440731	-0.037	0.704	126.938
2	seg15	1.0	-0.0103811659192825	0.0805387854896469	-0.223	0.285	-2.3150000000000004	0.4152197309417042	0.1246384948918118	-0.037	0.704	92.594
2	seg17	1.0	-0.0416358620689654	0.0780167432744625	-0.308	0.22	-30.186	0.4689420689655169	0.1328457003153324	-0.035	0.878	339.983
3	seg2	0.0	-0.054923898531375	0.0580101581986065	-0.243	0.151	-41.138000000000005	0.4524846461949269	0.1078705342874733	0.148	0.726	338.91099999999994
3	seg3	1.0	-0.0556666666666667	0.0553369637363269	-0.19	0.092	-41.75	0.4212666666666663	0.1170315323131144	0.148	0.673	315.95
3	seg5	1.0	0.0359808219178082	0.0765715864494085	-0.342	0.228	26.266	0.499682191780822	0.1278922184727477	-0.137	0.776	364.768
3	seg6	1.0	0.0529083469721767	0.0844862288183797	-0.342	0.241	32.327	0.4160130932896887	0.1074095203689208	-0.137	0.78	254.184
3	seg7	0.0	0.0855771812080536	0.0735898465793426	-0.269	0.343	25.502	0.4502147651006709	0.1552243262502502	-0.125	0.78	134.164
3	seg8	1.0	0.0855771812080536	0.0735898465793426	-0.269	0.343	25.502	0.4502147651006709	0.1552243262502502	-0.125	0.78	134.164
3	seg9	1.0	0.0577937499999999	0.0972025975009799	-0.269	0.343	18.494	0.4389531249999996	0.1558350519868184	-0.125	0.729	140.465
3	seg10	1.0	0.0199526515151515	0.0727425125831439	-0.269	0.238	10.535	0.4795606060606059	0.1486366327647147	0.112	0.702	253.20800000000003
3	seg13	1.0	-0.0038488372093023	0.0734728105764081	-0.143	0.252	-1.6549999999999998	0.4476186046511629	0.1017857696816254	-0.141	0.704	192.47600000000003
3	seg14	1.0	0.014300578034682	0.0717501835788348	-0.223	0.285	4.948	0.3843554913294799	0.1414186102919178	-0.287	0.656	132.987
3	seg15	1.0	0.0070025641025641	0.0709590166554429	-0.185	0.221	2.731	0.3965358974358978	0.1371529279106028	-0.287	0.692	154.649
3	seg17	0.0	-0.0600434782608695	0.0927038192829229	-0.355	0.22	-22.096000000000004	0.4745597826086955	0.1522805145830939	0.007	0.765	174.638
4	seg2	0.0	0.0279812332439677	0.0819247328112841	-0.18	0.211	20.873999999999995	0.5620026809651474	0.104559243405604	0.219	0.776	419.254
4	seg3	1.0	0.0521238670694863	0.082134016957295	-0.342	0.241	34.506	0.4269818731117822	0.1120861625202488	-0.137	0.78	282.66200000000003
4	seg5	0.0	0.0020013404825737	0.0566202603809146	-0.191	0.181	1.4929999999999994	0.4470777479892763	0.1521809962427915	0.131	0.719	333.52
4	seg6	0.0	0.0047715458276333	0.0659762719871764	-0.152	0.2	3.487999999999999	0.3938659370725033	0.1162744692740845	-0.146	0.768	287.91600000000005
4	seg7	0.0	0.0246564516129032	0.0720690733209774	-0.175	0.221	15.287	0.4170048387096775	0.1197628906489273	-0.146	0.768	258.543
4	seg8	1.0	0.0246564516129032	0.0720690733209774	-0.175	0.221	15.287	0.4170048387096775	0.1197628906489273	-0.146	0.768	258.543
4	seg9	0.0	0.0514102112676055	0.0758042723903568	-0.175	0.221	29.201	0.3708397887323943	0.1625145303404786	-0.283	0.768	210.637
4	seg10	0.0	0.0884110032362459	0.072712778989964	-0.281	0.393	27.319000000000003	0.3560873786407766	0.1952766574567923	-0.283	0.75	110.031
4	seg13	1.0	0.0015734693877551	0.0736854574734078	-0.343	0.221	0.7709999999999999	0.4242714285714291	0.1396909482407796	-0.287	0.839	207.893
4	seg14	0.0	-0.0295154362416107	0.0776185481922163	-0.343	0.159	-21.989	0.4843355704697986	0.1415726441335205	-0.035	0.878	360.83
4	seg15	0.0	-0.0338644295302013	0.0801050091637903	-0.308	0.159	-25.229	0.4795516778523488	0.1420211925787138	-0.035	0.878	357.266
4	seg17	0.0	0.0060823353293413	0.0832021244938777	-0.218	0.32	4.062999999999999	0.3435269461077844	0.1401032153469505	-0.087	0.67	229.476
5	seg2	1.0	0.0851369863013697	0.0741482345495024	-0.269	0.343	24.86	0.4450205479452052	0.1523249711572463	-0.125	0.78	129.946
5	seg3	1.0	0.0027391304347826	0.0573040127901401	-0.152	0.2	2.0159999999999982	0.4377377717391303	0.1338074155002664	-0.146	0.719	322.175
5	seg5	1.0	0.0066986754966887	0.1406353320498169	-1.127	0.336	2.023	0.3374370860927155	0.182065251971965	-1.01	0.661	101.906
5	seg6	1.0	-0.0014285714285714	0.0825345672313671	-0.164	0.336	-0.6499999999999986	0.426747252747253	0.1195973274542991	-0.141	0.637	194.17
5	seg7	1.0	0.0072835820895522	0.0797619229790624	-0.223	0.285	0.976	0.3754850746268656	0.1523192217010751	-0.287	0.704	50.315
5	seg8	1.0	0.0072835820895522	0.0797619229790624	-0.223	0.285	0.976	0.3754850746268656	0.1523192217010751	-0.287	0.704	50.315
5	seg9	1.0	0.0075743944636678	0.0738408147216089	-0.223	0.285	2.189	0.3775017301038064	0.1516004611602364	-0.287	0.656	109.09799999999998
5	seg10	0.0	0.0078521008403361	0.0740232189881525	-0.343	0.221	4.671999999999999	0.4511983193277317	0.1487537957898259	0.023	0.839	268.463
5	seg12	1.0	-0.0074147651006711	0.07547847230828	-0.343	0.221	-5.524	0.4628859060402692	0.1454360132925615	-0.035	0.878	344.85
5	seg13	1.0	0.0035020661157024	0.0850667579111623	-0.324	0.29	1.6949999999999998	0.4846115702479336	0.1141237455029275	0.101	0.759	234.552
5	seg14	1.0	0.01144	0.0970596307289563	-0.341	0.276	8.294	0.4530331034482764	0.1427192141113995	-0.013	0.767	328.449
5	seg15	1.0	0.0148721264367816	0.1039255620213587	-0.341	0.289	10.351	0.4676681034482763	0.1426416634613596	-0.013	0.767	325.497
5	seg17	1.0	-0.0046705882352941	0.0975598927037123	-0.539	0.226	-3.176000000000004	0.3885191176470587	0.1426369195229138	-0.096	0.826	264.193
6	seg1	1.0	-0.0542546666666666	0.0566137363622017	-0.243	0.092	-40.691	0.4275319999999999	0.1135390489772865	0.148	0.673	320.649
6	seg2	0.0	-0.0557426666666666	0.0509890881747153	-0.174	0.053	-41.807	0.3120080000000005	0.045381434559373	0.234	0.525	234.006
6	seg3	1.0	0.0061327077747989	0.0917395621746859	-0.197	0.211	4.574999999999999	0.5319450402144774	0.1229666400555587	0.219	0.773	396.831
6	seg5	1.0	0.0792081447963801	0.0803204111073245	-0.269	0.343	17.505	0.4626832579185518	0.1637812776671156	-0.125	0.729	102.253
6	seg6	1.0	0.0148971553610503	0.080108599241487	-0.269	0.238	6.807999999999999	0.4318183807439822	0.1626905610525198	-0.125	0.702	197.341
6	seg7	1.0	0.0223926940639269	0.0664105203028651	-0.191	0.238	14.712	0.4534824961948252	0.1479108191587431	0.112	0.719	297.93800000000005
6	seg8	1.0	0.0223926940639269	0.0664105203028651	-0.191	0.238	14.712	0.4534824961948252	0.1479108191587431	0.112	0.719	297.93800000000005
6	seg9	1.0	0.0068954423592493	0.0574914126295814	-0.152	0.2	5.144	0.4420938337801616	0.149043228482933	0.131	0.719	329.802
6	seg10	0.0	0.0044145006839945	0.0657718084620012	-0.152	0.2	3.227000000000001	0.3923693570451436	0.1158993163787841	-0.146	0.768	286.822
6	seg12	1.0	0.0277001675041875	0.0737300900642096	-0.175	0.221	16.537	0.3973165829145731	0.1422495104590679	-0.283	0.768	237.198
6	seg13	1.0	-0.010501246882793	0.0763759282588296	-0.223	0.252	-4.211	0.4478778054862842	0.1040015707303793	-0.037	0.704	179.599
6	seg14	1.0	0.0100897009966777	0.0738040995465521	-0.223	0.285	3.036999999999999	0.3827574750830567	0.1510481793248291	-0.287	0.656	115.21
6	seg15	1.0	0.0158398876404494	0.0711500209952732	-0.223	0.285	5.638999999999999	0.3808174157303373	0.1403569799886125	-0.287	0.656	135.571
6	seg17	1.0	-0.0646898395721925	0.0924616703558885	-0.355	0.22	-24.194000000000003	0.4897673796791447	0.1391642814255322	0.007	0.765	183.173
7	seg1	0.0	-0.053991989319092	0.0582617127464004	-0.243	0.151	-40.44	0.4428184245660883	0.1106689050714831	0.148	0.726	331.67100000000005
7	seg2	0.0	-0.0566093333333333	0.0505721205760204	-0.174	0.053	-42.457	0.3214000000000003	0.0607983991017307	0.234	0.581	241.05
7	seg3	1.0	0.0378713136729222	0.0723517773553491	-0.13	0.211	28.252	0.5453954423592489	0.1209649116280403	0.199	0.776	406.865
7	seg4	1.0	0.0866451612903225	0.0766416244975218	-0.342	0.343	42.976	0.4304576612903226	0.1246187015984311	-0.137	0.78	213.507
7	seg5	1.0	0.0198775894538606	0.0725438375592574	-0.269	0.238	10.555	0.4787363465160074	0.1486311622403323	0.112	0.702	254.209
7	seg6	1.0	0.0064879356568364	0.0569095325465436	-0.152	0.2	4.840000000000001	0.4394691689008048	0.1472733401434342	0.131	0.719	327.844
7	seg7	0.0	0.0005119214586255	0.0666691413028422	-0.175	0.2	0.3649999999999993	0.3953969144460023	0.1179112074300156	-0.146	0.768	281.918
7	seg8	1.0	0.0005119214586255	0.0666691413028422	-0.175	0.2	0.3649999999999993	0.3953969144460023	0.1179112074300156	-0.146	0.768	281.918
7	seg9	1.0	0.0311462184873949	0.0757143268636977	-0.175	0.221	18.532000000000004	0.3913949579831936	0.14448146742181	-0.283	0.768	232.88
7	seg10	1.0	-0.0035136986301369	0.0728426623985941	-0.143	0.252	-1.5389999999999997	0.4421210045662102	0.1090235049303651	-0.141	0.704	193.649
7	seg11	0.0	-0.012392026578073	0.07635695463507	-0.223	0.285	-3.73	0.4268205980066447	0.1108051222818461	-0.037	0.704	128.473
7	seg12	1.0	-0.012392026578073	0.07635695463507	-0.223	0.285	-3.73	0.4268205980066447	0.1108051222818461	-0.037	0.704	128.473
7	seg13	1.0	-0.028257281553398	0.0991496702322965	-0.355	0.176	-11.642	0.3766577669902912	0.1648793523693374	0.007	0.785	155.183
7	seg14	1.0	-0.0001811377245509	0.0843789311112202	-0.218	0.32	-0.1209999999999986	0.3419610778443114	0.1407371897150789	-0.087	0.67	228.43
7	seg15	1.0	-0.0069446935724962	0.0823417987967924	-0.218	0.32	-4.646000000000001	0.3504544095665172	0.1430541508449815	-0.087	0.67	234.454
7	seg16	0.0	-0.0035136986301369	0.0728426623985941	-0.143	0.252	-1.5389999999999997	0.4421210045662102	0.1090235049303651	-0.141	0.704	193.649
7	seg17	1.0	0.0319253731343283	0.0745684154894914	-0.272	0.239	14.973	0.4342878464818767	0.1692110007458165	0.049	0.786	203.681
8	seg1	1.0	-0.0415773809523809	0.0524786801409016	-0.219	0.088	-27.94	0.455705357142857	0.1110177730081178	0.136	0.779	306.23400000000004
8	seg2	1.0	-0.0381323529411764	0.0617468081084032	-0.243	0.151	-28.523000000000003	0.4931417112299467	0.0979329478309954	0.155	0.779	368.87
8	seg3	1.0	-0.0521882510013351	0.0578173365120434	-0.243	0.151	-39.089000000000006	0.4287303070761012	0.1133769868664141	0.148	0.673	321.119
8	seg4	0.0	-0.0646573333333333	0.0519456759145766	-0.197	0.053	-48.493	0.3416613333333332	0.0798783239572678	0.234	0.593	256.246
8	seg5	1.0	0.0284906166219838	0.0813844880708073	-0.18	0.211	21.254	0.5608324396782841	0.1053331244091872	0.219	0.776	418.381
8	seg6	1.0	0.031531506849315	0.0773468595261069	-0.342	0.241	23.018	0.4683767123287679	0.1270306154669163	-0.137	0.776	341.915
8	seg7	1.0	0.0508967551622418	0.0820853643447997	-0.342	0.241	34.508	0.4296253687315634	0.1125833997234966	-0.137	0.78	291.28599999999994
8	seg8	1.0	0.0508967551622418	0.0820853643447997	-0.342	0.241	34.508	0.4296253687315634	0.1125833997234966	-0.137	0.78	291.28599999999994
8	seg9	1.0	0.0893434343434343	0.0745674613707346	-0.342	0.343	44.225	0.4356363636363636	0.1248360908823119	-0.137	0.78	215.64
8	seg10	1.0	0.0856784313725489	0.077975502220627	-0.269	0.343	21.848	0.4447372549019605	0.1605178799652639	-0.125	0.729	113.408
8	seg11	1.0	0.0464974999999999	0.088372789894571	-0.269	0.25	18.599	0.4493399999999998	0.1497879147327981	-0.125	0.693	179.736
8	seg12	0.0	0.0464974999999999	0.088372789894571	-0.269	0.25	18.599	0.4493399999999998	0.1497879147327981	-0.125	0.693	179.736
8	seg13	0.0	0.016265091863517	0.0843440682697257	-0.281	0.393	6.197	0.3732414698162725	0.1598939427430684	-0.176	0.75	142.205
8	seg14	1.0	0.0026611295681063	0.142465469794522	-1.127	0.336	0.8010000000000006	0.3840232558139535	0.1902460448963446	-1.01	0.661	115.591
8	seg15	1.0	-0.0025266666666666	0.142006018495305	-1.127	0.336	-0.7580000000000001	0.39431	0.1761696736104146	-1.01	0.631	118.293
8	seg16	1.0	0.0200769230769231	0.0716443286921999	-0.269	0.238	10.961999999999998	0.4752838827838826	0.148035518199722	0.112	0.702	259.50500000000005
8	seg17	1.0	0.0043952641165755	0.0743411036112084	-0.343	0.221	2.413	0.4409981785063759	0.1503041300447924	-0.287	0.839	242.108
9	seg1	1.0	-0.0545613333333333	0.051974438315601	-0.174	0.053	-40.921	0.3325159999999998	0.0737511248095015	0.232	0.581	249.387
9	seg2	0.0	-0.0421666666666667	0.069659171845653	-0.197	0.196	-31.625	0.4151840000000003	0.1292070514484407	0.219	0.767	311.38800000000003
9	seg3	1.0	0.0230547945205479	0.0711187055930557	-0.269	0.238	13.464	0.4733578767123286	0.1455816992991706	0.112	0.719	276.44100000000003
9	seg4	0.0	-0.0008522727272727	0.0658172253587586	-0.175	0.2	-0.5999999999999996	0.3962272727272722	0.1187273281967711	-0.146	0.768	278.944
9	seg5	1.0	-0.0031700680272108	0.0739933539470947	-0.143	0.252	-1.3980000000000006	0.4449682539682541	0.1079897697719993	-0.141	0.704	196.231
9	seg6	0.0	0.0052987012987013	0.0766219535417046	-0.223	0.285	0.8160000000000001	0.3871038961038961	0.1457171325276925	-0.287	0.704	59.614
9	seg7	0.0	0.0013940520446096	0.072532475241245	-0.223	0.285	0.375	0.3657026022304834	0.149740298209021	-0.287	0.656	98.374
9	seg9	1.0	0.0037687943262411	0.0723478723186991	-0.343	0.221	2.657000000000002	0.4530312056737592	0.1519677612016628	0.005	0.878	319.38699999999994
9	seg10	0.0	-0.0265543624161073	0.078732032558343	-0.343	0.221	-19.783	0.476782550335571	0.1466384348252272	-0.035	0.878	355.203
9	seg11	1.0	-0.0437433004231311	0.0774599881305216	-0.308	0.22	-31.014000000000003	0.4706727785613535	0.1334254787153405	-0.035	0.878	333.707
9	seg12	1.0	-0.0437433004231311	0.0774599881305216	-0.308	0.22	-31.014000000000003	0.4706727785613535	0.1334254787153405	-0.035	0.878	333.707
9	seg13	1.0	0.0563366834170854	0.0836023262585106	-0.189	0.239	33.633	0.4162948073701839	0.140326898283069	0.012	0.752	248.528
9	seg15	1.0	0.010978417266187	0.0711581446397675	-0.196	0.211	6.103999999999998	0.4946043165467623	0.1288401284010669	0.005	0.74	275.0
9	seg16	0.0	-0.049111111111111	0.0800295562685637	-0.281	0.22	-22.1	0.4877133333333331	0.1110639657534743	0.045	0.73	219.471
9	seg17	1.0	-0.0045534246575342	0.0966574690538095	-0.341	0.276	-3.3240000000000025	0.4522547945205472	0.147021863103544	-0.013	0.767	330.146
10	seg1	1.0	-0.0497098214285714	0.053716717480435	-0.219	0.088	-33.405	0.489458333333333	0.1054488340249536	0.152	0.779	328.916
10	seg2	0.0	-0.0413542780748663	0.0665586179298782	-0.243	0.151	-30.933	0.478041443850267	0.1059801698939454	0.148	0.726	357.57500000000005
10	seg3	1.0	-0.0530506666666666	0.0552451515177776	-0.175	0.072	-39.788	0.403329333333333	0.113145120116699	0.232	0.669	302.497
10	seg4	1.0	0.0020643431635388	0.0562789503876906	-0.152	0.2	1.5399999999999991	0.4429061662198393	0.135369038993449	0.131	0.719	330.408
10	seg5	1.0	0.0171240310077519	0.0839767724516699	-0.281	0.393	6.627	0.3734573643410849	0.1588699600392485	-0.176	0.75	144.52800000000002
10	seg6	1.0	0.0012733333333333	0.1414312505149488	-1.127	0.336	0.3820000000000003	0.3785500000000001	0.184416071696585	-1.01	0.631	113.565
10	seg7	1.0	-0.0016608040201004	0.0863250723249993	-0.164	0.336	-0.6609999999999987	0.425922110552764	0.1259938040415165	-0.141	0.637	169.51700000000002
10	seg9	1.0	-0.0038488372093023	0.0734728105764081	-0.143	0.252	-1.6549999999999998	0.4476186046511629	0.1017857696816254	-0.141	0.704	192.47600000000003
10	seg10	0.0	-0.0014467005076142	0.0826747246945918	-0.223	0.285	-0.2849999999999999	0.4046497461928933	0.1395763865329682	-0.287	0.704	79.716
10	seg11	1.0	-0.0116574394463667	0.0988084387375992	-0.355	0.32	-6.738	0.3622214532871971	0.1581727388594608	-0.087	0.785	209.364
10	seg12	1.0	-0.0116574394463667	0.0988084387375992	-0.355	0.32	-6.738	0.3622214532871971	0.1581727388594608	-0.087	0.785	209.364
10	seg13	1.0	0.0298062499999999	0.0735965208254043	-0.272	0.292	14.307	0.449622916666667	0.1857344360231197	0.049	0.789	215.819
10	seg15	1.0	0.0263074141048824	0.1045786840450972	-0.232	0.375	14.548	0.4386202531645574	0.1427509386164773	0.083	0.77	242.557
10	seg16	0.0	-0.0063707025411061	0.0820107184814537	-0.218	0.32	-4.262	0.3520164424514204	0.1416328482581971	-0.087	0.67	235.499
10	seg17	1.0	0.01025	0.1100866445949818	-0.324	0.434	4.510000000000001	0.3708340909090906	0.2301769027619467	-0.509	0.762	163.167
11	seg1	0.0	-0.0448794642857142	0.0497569574670686	-0.219	0.088	-30.159	0.4237797619047616	0.0975677069914137	0.136	0.723	284.78
11	seg2	0.0	-0.0400587449933244	0.0562628465107336	-0.203	0.139	-30.004	0.5015580774365822	0.0885102690189358	0.185	0.779	375.667
11	seg3	1.0	-0.0482109479305741	0.0594578158820344	-0.243	0.151	-36.11	0.4505967957276371	0.1082250919940896	0.148	0.726	337.497
11	seg4	0.0	-0.0555386666666666	0.0504574061781045	-0.174	0.053	-41.65400000000001	0.3163880000000004	0.0535215108406579	0.234	0.525	237.291
11	seg5	1.0	0.0033230974632843	0.0905535698499434	-0.197	0.196	2.4890000000000008	0.5218411214953271	0.1328485294121336	0.219	0.773	390.859
11	seg6	0.0	0.0364162162162161	0.0761212919516326	-0.342	0.211	26.948	0.5407648648648644	0.1240517823792476	-0.137	0.776	400.166
11	seg7	0.0	0.0324945205479452	0.0778645863380268	-0.342	0.241	23.721	0.4602890410958912	0.1228077460205264	-0.137	0.776	336.011
11	seg9	0.0	0.0534773082942096	0.0827944210182858	-0.342	0.241	34.172	0.4222097026604066	0.1101716252521933	-0.137	0.78	269.79200000000003
11	seg10	0.0	0.0256346153846154	0.0670573172873412	-0.191	0.238	15.996	0.4630592948717948	0.1458634701796036	0.112	0.719	288.949
11	seg11	0.0	0.0064678284182305	0.0570028423152166	-0.152	0.2	4.825000000000001	0.4397949061662204	0.1474219910980297	0.131	0.719	328.087
11	seg12	0.0	0.0064678284182305	0.0570028423152166	-0.152	0.2	4.825000000000001	0.4397949061662204	0.1474219910980297	0.131	0.719	328.087
11	seg13	1.0	-0.0010535117056856	0.1420143327805072	-1.127	0.336	-0.3149999999999991	0.3816521739130436	0.1842313492698855	-1.01	0.631	114.114
11	seg15	0.0	-0.0187151335311572	0.0752291583728846	-0.223	0.285	-6.306999999999999	0.436433234421365	0.1087507528917555	-0.037	0.704	147.07800000000003
11	seg16	0.0	0.0037152588555858	0.0636308911781569	-0.152	0.2	2.726999999999999	0.413141689373297	0.1265046512607599	-0.146	0.768	303.246
11	seg17	1.0	-0.0362395693135935	0.0798056636614156	-0.308	0.159	-26.926	0.4818896366083443	0.1419896066097715	-0.035	0.878	358.044
12	seg1	1.0	-0.0440853333333333	0.0446289971306647	-0.148	0.085	-33.064	0.3772999999999997	0.0956259344180925	0.136	0.723	282.975
12	seg2	0.0	-0.0422247023809523	0.0536757941523701	-0.219	0.088	-28.375	0.4671845238095238	0.1167099650885207	0.136	0.779	313.948
12	seg3	0.0	-0.0410628342245989	0.0668447803608171	-0.243	0.151	-30.715	0.4831844919786095	0.10767737847091	0.148	0.726	361.422
12	seg4	0.0	-0.0596133333333333	0.0533101349547052	-0.175	0.072	-44.71000000000001	0.3854519999999998	0.1051425303861381	0.232	0.669	289.089
12	seg5	0.0	-0.0629973333333334	0.0489814658099253	-0.197	0.095	-47.248	0.3692000000000003	0.0941887466738994	0.219	0.717	276.9
12	seg6	0.0	0.0081085790884718	0.0903835897960207	-0.197	0.211	6.049000000000003	0.5372506702412868	0.1203663538882206	0.219	0.773	400.789
12	seg7	0.0	0.0367560321715817	0.0739136841518522	-0.157	0.211	27.42	0.5493847184986588	0.1192504887596892	0.199	0.776	409.841
12	seg9	1.0	0.0333821917808219	0.0772784891696699	-0.342	0.241	24.369	0.4871356164383565	0.127446220589032	-0.137	0.776	355.609
12	seg10	0.0	0.0534773082942096	0.0827944210182858	-0.342	0.241	34.172	0.4222097026604066	0.1101716252521933	-0.137	0.78	269.79200000000003
12	seg11	0.0	0.0862104166666667	0.063454769782576	-0.172	0.343	41.381	0.4440666666666667	0.1293875949317485	-0.036	0.78	213.152
12	seg12	0.0	0.0862104166666667	0.063454769782576	-0.172	0.343	41.381	0.4440666666666667	0.1293875949317485	-0.036	0.78	213.152
12	seg13	1.0	0.0719360341151385	0.0776975723733712	-0.281	0.393	33.738	0.3660383795309168	0.177005061238327	-0.283	0.768	171.672
12	seg15	0.0	0.0021179941002949	0.1008318393351275	-0.591	0.282	0.7180000000000004	0.3607758112094394	0.1684606250367241	-0.291	0.75	122.303
12	seg16	0.0	0.083668049792531	0.0788155429408423	-0.269	0.343	20.164	0.4532738589211615	0.1601527787868775	-0.125	0.729	109.239
12	seg17	0.0	0.0054788732394366	0.0778979757380288	-0.223	0.285	0.7780000000000002	0.3805140845070424	0.149712576076392	-0.287	0.704	54.033
13	seg1	1.0	-0.1198120000000001	0.0746126753485401	-0.221	0.06	-89.85900000000001	0.2555573333333333	0.0404396675664982	0.169	0.46	191.668
13	seg2	1.0	-0.095672	0.0486810478112375	-0.209	0.016	-71.754	0.272110666666667	0.051565515798405	0.127	0.475	204.083
13	seg3	1.0	-0.097557200538358	0.0404861327301289	-0.202	0.073	-72.485	0.3231480484522212	0.0609404284572414	0.227	0.641	240.099
13	seg4	1.0	-0.0412186666666666	0.0447135794238046	-0.148	0.085	-30.914	0.3702413333333328	0.0918658392705846	0.136	0.723	277.68100000000004
13	seg5	1.0	-0.0342606951871657	0.057356192692319	-0.203	0.151	-25.627	0.4997901069518717	0.0911738074457773	0.155	0.779	373.843
13	seg6	1.0	-0.0412232620320855	0.0642377947295211	-0.243	0.151	-30.835	0.4625708556149741	0.1040785596737383	0.148	0.726	346.003
13	seg7	1.0	-0.0542853333333333	0.0518876085228662	-0.174	0.053	-40.714	0.3306719999999998	0.0724779627381086	0.232	0.581	248.004
13	seg9	1.0	-0.0585826666666667	0.0520342755584133	-0.197	0.053	-43.937000000000005	0.3111666666666668	0.0428537383303824	0.234	0.475	233.375
13	seg10	1.0	-0.0394333333333334	0.0730499935356298	-0.197	0.196	-29.575000000000003	0.4203506666666669	0.1317733649094367	0.219	0.767	315.26300000000003
13	seg11	0.0	0.0380522788203752	0.0722829093406085	-0.13	0.211	28.387	0.5461863270777476	0.1195266642183398	0.199	0.776	407.455
13	seg12	0.0	0.0380522788203752	0.0722829093406085	-0.13	0.211	28.387	0.5461863270777476	0.1195266642183398	0.199	0.776	407.455
13	seg13	1.0	0.0461192214111922	0.0809610635765871	-0.281	0.393	18.955	0.3681581508515815	0.1585122338274862	-0.176	0.75	151.31300000000002
13	seg15	1.0	-0.0108447837150127	0.129868846856095	-1.127	0.336	-4.2620000000000005	0.4102417302798984	0.1597395624947486	-1.01	0.637	161.22500000000002
13	seg16	0.0	0.0311561643835616	0.077002367845289	-0.342	0.241	22.744	0.4694027397260279	0.127444651400426	-0.137	0.776	342.664
13	seg17	1.0	0.0118777173913043	0.0810873873964977	-0.218	0.287	8.741999999999997	0.3824728260869561	0.1135593687893664	0.013	0.629	281.5
14	seg1	1.0	-0.0374272363150867	0.057303134685914	-0.203	0.139	-28.033	0.5081762349799733	0.0774464347122774	0.304	0.779	380.624
14	seg2	0.0	-0.0434197860962566	0.0612952025406532	-0.243	0.151	-32.478	0.447244652406418	0.1075557200986944	0.148	0.726	334.53900000000004
14	seg3	1.0	-0.052796	0.0512167653280316	-0.174	0.053	-39.597	0.3292813333333332	0.0711533521221749	0.232	0.581	246.961
14	seg4	1.0	0.0367297297297296	0.0761014609543496	-0.342	0.211	27.180000000000003	0.5390297297297292	0.1264203912838407	-0.137	0.776	398.88200000000006
14	seg5	1.0	0.0502572674418604	0.0818019575985302	-0.342	0.241	34.577	0.4308095930232558	0.1125660016770396	-0.137	0.78	296.39700000000005
14	seg6	1.0	0.0866763285024154	0.0870239379031	-0.269	0.343	17.942	0.4555603864734298	0.1731048242248001	-0.125	0.729	94.301
14	seg7	0.0	0.0398532338308458	0.0875127047037584	-0.269	0.25	16.020999999999997	0.43673631840796	0.1495289623167381	-0.125	0.693	175.568
14	seg9	1.0	0.0197434944237918	0.0720903579318905	-0.269	0.238	10.622	0.4770130111524162	0.1484241567736913	0.112	0.702	256.633
14	seg10	1.0	0.0022479892761394	0.0576960827537354	-0.191	0.2	1.676999999999999	0.4464530831099197	0.1515433243864526	0.131	0.719	333.054
14	seg11	0.0	0.0013514986376021	0.0610933679663407	-0.152	0.2	0.9920000000000008	0.4248664850136239	0.1322926371600964	-0.146	0.768	311.852
14	seg12	0.0	0.0013514986376021	0.0610933679663407	-0.152	0.2	0.9920000000000008	0.4248664850136239	0.1322926371600964	-0.146	0.768	311.852
14	seg13	0.0	-0.0016146095717884	0.0864288125304686	-0.164	0.336	-0.6409999999999982	0.425692695214106	0.1260693354951221	-0.141	0.637	169.0
14	seg15	1.0	0.0049102564102564	0.0762058086986906	-0.223	0.285	0.7660000000000002	0.387974358974359	0.1449817826185612	-0.287	0.704	60.524
14	seg16	0.0	0.0045431309904153	0.067627495677916	-0.175	0.2	2.8440000000000007	0.4145367412140573	0.1204666887192378	-0.146	0.768	259.5
14	seg17	0.0	-0.0455041736227045	0.0792084983421978	-0.308	0.22	-27.257	0.4743956594323866	0.1228275337737666	-0.035	0.734	284.163
15	seg1	1.0	-0.0538426666666666	0.0451349005340902	-0.175	0.078	-40.382	0.3263680000000001	0.0733369977751112	0.172	0.476	244.776
15	seg2	0.0	-0.0450653333333333	0.0444875083391082	-0.148	0.085	-33.799	0.379048	0.0961677719543646	0.136	0.723	284.286
15	seg3	1.0	-0.048251488095238	0.0522049033358877	-0.219	0.088	-32.425	0.4891205357142855	0.1053118331306224	0.152	0.779	328.689
15	seg4	0.0	-0.038798128342246	0.0636434599664168	-0.243	0.151	-29.021	0.4673195187165784	0.1031451694586618	0.148	0.726	349.555
15	seg5	1.0	-0.064188	0.0531095533402419	-0.175	0.053	-48.141	0.3548226666666664	0.0934846826288788	0.232	0.603	266.117
15	seg6	0.0	-0.0651373333333333	0.0521761996145965	-0.197	0.053	-48.85300000000001	0.3351053333333332	0.0756903576304288	0.234	0.593	251.329
15	seg7	1.0	-0.0434626666666667	0.0680566475290172	-0.197	0.196	-32.597	0.4123720000000002	0.1277395538429659	0.219	0.767	309.279
15	seg9	1.0	0.001868	0.0907821269634061	-0.197	0.196	1.4009999999999998	0.5176426666666667	0.1349567152073418	0.219	0.773	388.232
15	seg10	0.0	0.0380174262734584	0.0723933696164331	-0.13	0.211	28.361	0.5468686327077743	0.1202194883119221	0.199	0.776	407.964
15	seg11	1.0	0.031531506849315	0.0773468595261069	-0.342	0.241	23.018	0.4683767123287679	0.1270306154669163	-0.137	0.776	341.915
15	seg12	0.0	0.031531506849315	0.0773468595261069	-0.342	0.241	23.018	0.4683767123287679	0.1270306154669163	-0.137	0.776	341.915
15	seg13	1.0	0.0022544459644322	0.0665645205349673	-0.175	0.2	1.6480000000000004	0.3935868673050611	0.1167988861255643	-0.146	0.768	287.712
15	seg15	0.0	0.0805069252077562	0.0765686596939789	-0.281	0.393	29.063	0.3644127423822715	0.1872666156109952	-0.283	0.712	131.553
15	seg16	1.0	0.0533169984686064	0.0819995273332379	-0.342	0.241	34.816	0.426366003062787	0.1125845166639141	-0.137	0.78	278.41700000000003
15	seg17	1.0	-0.0028463251670378	0.0734269692544218	-0.164	0.252	-1.2780000000000005	0.4364855233853008	0.1150016767177272	-0.141	0.704	195.982
16	seg1	1.0	-0.0430066666666667	0.0576999014056542	-0.315	0.088	-32.254999999999995	0.3308746666666665	0.0781757355250904	0.172	0.605	248.156
16	seg2	0.0	-0.0492133333333333	0.0456045007525451	-0.175	0.078	-36.91	0.3521173333333335	0.0661350907831001	0.208	0.476	264.088
16	seg3	1.0	-0.0447068452380952	0.0499853140413199	-0.219	0.088	-30.043	0.422613095238095	0.0968470459265806	0.136	0.723	283.996
16	seg4	0.0	-0.0346181575433911	0.0565205728705932	-0.203	0.139	-25.928999999999995	0.5011855807743659	0.0891329036048783	0.205	0.779	375.388
16	seg5	1.0	-0.0643826666666666	0.0520562154427521	-0.175	0.053	-48.287	0.3690159999999998	0.1004432828880725	0.232	0.611	276.762
16	seg6	1.0	-0.0592946666666666	0.0518435837067187	-0.197	0.053	-44.471	0.3165413333333334	0.0515308350235295	0.234	0.593	237.406
16	seg7	1.0	0.0487220708446866	0.079415913600747	-0.342	0.241	35.76200000000001	0.4393269754768396	0.113866643197587	-0.137	0.78	322.466
16	seg9	1.0	0.0796710280373831	0.076188478793137	-0.342	0.343	42.624	0.4242672897196264	0.1204684685745268	-0.137	0.78	226.983
16	seg10	1.0	0.085394495412844	0.0707109399875274	-0.269	0.343	27.924	0.4514250764525993	0.1482955342799623	-0.125	0.78	147.616
16	seg11	1.0	0.0559394812680115	0.0944287500959728	-0.269	0.343	19.411	0.4491700288184436	0.1544899478958541	-0.125	0.729	155.86200000000002
16	seg12	1.0	0.0559394812680115	0.0944287500959728	-0.269	0.343	19.411	0.4491700288184436	0.1544899478958541	-0.125	0.729	155.86200000000002
16	seg13	1.0	-0.0014590163934426	0.1404752091506461	-1.127	0.336	-0.444999999999999	0.3930163934426228	0.1737796316804496	-1.01	0.631	119.87
16	seg15	1.0	-0.0118707482993197	0.0764678823787769	-0.223	0.285	-3.49	0.4270102040816328	0.1118741848203152	-0.037	0.704	125.541
16	seg16	1.0	0.0186234567901235	0.0758596290400353	-0.269	0.238	9.050999999999998	0.4597736625514402	0.1563088973958432	-0.125	0.702	223.45
16	seg17	1.0	-0.0402207267833108	0.0782517402986532	-0.308	0.159	-29.884000000000004	0.4772489905787345	0.1395080519186081	-0.035	0.878	354.596
17	seg1	0.0	-0.0644079999999999	0.052027930345152	-0.175	0.053	-48.306	0.367881333333333	0.0996299582700348	0.232	0.603	275.911
17	seg2	0.0	-0.0599226666666666	0.0496244229476664	-0.197	0.053	-44.942	0.3588466666666665	0.0873393486478014	0.239	0.593	269.135
17	seg3	0.0	0.0326383561643835	0.0778788005165753	-0.342	0.241	23.826	0.4631821917808229	0.1244979329117784	-0.137	0.776	338.123
17	seg4	0.0	0.0858256578947367	0.0729024167499831	-0.269	0.343	26.091	0.4504506578947366	0.1536945584664556	-0.125	0.78	136.937
17	seg5	1.0	0.003392370572207	0.0633317354541449	-0.152	0.2	2.49	0.4179209809264304	0.1291989858790357	-0.146	0.768	306.754
17	seg6	1.0	0.0308493150684931	0.0757488950564336	-0.175	0.221	18.016	0.3814160958904114	0.1448891634057881	-0.283	0.768	222.747
17	seg7	0.0	0.0883300970873786	0.0737800529540771	-0.281	0.393	27.294	0.3521844660194175	0.193779513759505	-0.283	0.75	108.825
17	seg9	1.0	0.0382781774580335	0.0856275708559056	-0.281	0.393	15.962	0.3798249400479616	0.1632463103510208	-0.176	0.75	158.387
17	seg10	1.0	-0.0071351351351351	0.1287188070487168	-1.127	0.188	-2.3759999999999994	0.3636216216216215	0.1789122650114981	-1.01	0.75	121.086
17	seg11	0.0	0.0053973509933774	0.1399946819931394	-1.127	0.336	1.6299999999999994	0.3414370860927155	0.1807386088176429	-1.01	0.661	103.114
17	seg12	0.0	0.0053973509933774	0.1399946819931394	-1.127	0.336	1.6299999999999994	0.3414370860927155	0.1807386088176429	-1.01	0.661	103.114
17	seg13	1.0	-0.0405962059620596	0.0977109674311793	-0.355	0.22	-14.98	0.449108401084011	0.1536518401393301	0.007	0.785	165.721
17	seg15	1.0	-0.0087633136094674	0.0716028053293432	-0.218	0.179	-5.924	0.3716686390532543	0.1276417403068526	-0.046	0.67	251.248
17	seg16	0.0	-0.0049497716894977	0.0737718761762214	-0.164	0.252	-2.168	0.4419634703196349	0.1102074985176117	-0.141	0.704	193.58
17	seg17	1.0	0.027660516605166	0.1050625146448387	-0.232	0.375	14.992	0.4435461254612551	0.1398577845597524	0.083	0.77	240.402
18	seg1	1.0	0.0095281501340482	0.0899115883053536	-0.197	0.211	7.108000000000004	0.5400281501340481	0.1185870818867373	0.219	0.773	402.861
18	seg2	1.0	0.0332684931506849	0.07826496421616	-0.342	0.241	24.286	0.4584315068493161	0.1215365161617819	-0.137	0.776	334.655
18	seg3	1.0	0.0070844504021447	0.0570094728926418	-0.152	0.2	5.285	0.4363418230563005	0.1449280205697791	0.131	0.719	325.511
18	seg4	1.0	0.0024305283757338	0.0725277095809551	-0.343	0.221	1.2420000000000009	0.424258317025441	0.1389328907966461	-0.287	0.839	216.796
18	seg5	1.0	-0.0273883248730964	0.1007762207354586	-0.355	0.176	-10.791	0.3833223350253807	0.1643068818707257	0.007	0.785	151.029
18	seg6	1.0	0.0562298682284041	0.0776952686723429	-0.115	0.287	38.405	0.4143103953147874	0.1007845664661245	0.06	0.629	282.974
18	seg7	1.0	0.0663665689149561	0.0798160674937266	-0.189	0.287	45.262	0.4427521994134893	0.120856905777238	0.021	0.752	301.957
18	seg9	1.0	0.0647600619195046	0.0838946321452245	-0.189	0.239	41.835	0.4271501547987614	0.1314558657352305	0.012	0.752	275.939
18	seg10	0.0	0.0284274661508704	0.0762830995473985	-0.272	0.292	14.697	0.4097137330754356	0.1935516745983767	0.049	0.789	211.822
18	seg11	1.0	0.0334772727272727	0.0736721226197755	-0.223	0.292	19.149	0.3765891608391603	0.1681487772215842	0.057	0.789	215.409
18	seg12	0.0	0.0334772727272727	0.0736721226197755	-0.223	0.292	19.149	0.3765891608391603	0.1681487772215842	0.057	0.789	215.409
18	seg13	1.0	-0.0101118530884807	0.0862513845994021	-0.341	0.145	-6.057000000000003	0.3745792988313858	0.1246796762707037	-0.022	0.868	224.373
18	seg15	0.0	0.0457264957264957	0.1076958858447759	-0.205	0.289	21.4	0.4287222222222219	0.1921787578694854	0.068	0.783	200.642
18	seg16	1.0	0.003461855670103	0.084983619335254	-0.324	0.29	1.6789999999999996	0.4847381443298967	0.1140400340659031	0.101	0.759	235.098
18	seg17	1.0	-0.0171191489361701	0.1720352099516418	-0.5	0.287	-4.023	0.2160510638297872	0.2186156774199004	-0.428	0.607	50.772000000000006
19	seg1	0.0	-0.0541919999999999	0.044921388402408	-0.175	0.078	-40.644	0.3275933333333335	0.0715309999619434	0.172	0.476	245.695
19	seg2	1.0	-0.0449106628242075	0.0456120790964742	-0.148	0.085	-31.168	0.3887103746397694	0.0935736297592167	0.136	0.723	269.765
19	seg3	1.0	-0.0520766961651917	0.0559123578273733	-0.219	0.088	-35.30800000000001	0.4913126843657813	0.1045149896160647	0.152	0.779	333.11
19	seg4	0.0	-0.0419572192513369	0.0645050741176214	-0.243	0.151	-31.384	0.4636951871657763	0.1035926082281473	0.148	0.726	346.844
19	seg5	1.0	-0.057116	0.0527742728735634	-0.174	0.053	-42.837	0.337741333333333	0.0779160216187203	0.232	0.581	253.306
19	seg6	0.0	-0.0622119999999999	0.0512080891005838	-0.197	0.053	-46.659000000000006	0.3522106666666666	0.0844816565073283	0.239	0.593	264.158
19	seg7	1.0	-0.0270373333333333	0.0827317831281035	-0.197	0.196	-20.278	0.4405706666666667	0.1379006297044682	0.219	0.767	330.428
19	seg9	1.0	0.0062064343163539	0.0916811426396079	-0.197	0.211	4.630000000000003	0.5320067024128688	0.1228743498587111	0.219	0.773	396.877
19	seg10	0.0	0.0398994638069704	0.0703858521057761	-0.13	0.211	29.765	0.5463713136729218	0.1185410537708576	0.199	0.776	407.593
19	seg11	1.0	0.0345835616438356	0.0787326271573324	-0.342	0.241	25.246	0.4554698630136996	0.1179406388707536	-0.137	0.776	332.49299999999994
19	seg12	1.0	0.0345835616438356	0.0787326271573324	-0.342	0.241	25.246	0.4554698630136996	0.1179406388707536	-0.137	0.776	332.49299999999994
19	seg13	1.0	-0.0020257510729613	0.0663476940387849	-0.175	0.2	-1.4160000000000013	0.3977453505007151	0.1210632596456742	-0.146	0.768	278.024
19	seg15	0.0	0.0912871287128712	0.0716230971974247	-0.281	0.393	27.660000000000004	0.351056105610561	0.1963895741605422	-0.283	0.712	106.37
19	seg16	1.0	0.0566930860033726	0.0826844113157068	-0.342	0.241	33.619	0.415863406408094	0.1089134899354257	-0.137	0.78	246.607
19	seg17	1.0	-0.0035136986301369	0.0728426623985941	-0.143	0.252	-1.5389999999999997	0.4421210045662102	0.1090235049303651	-0.141	0.704	193.649
20	seg1	1.0	-0.0453950795947902	0.0459354474273215	-0.148	0.085	-31.368	0.3897756874095513	0.0931454694695562	0.136	0.723	269.335
20	seg2	1.0	-0.0382429906542056	0.0573069380424247	-0.203	0.139	-28.644	0.5102256341789055	0.0774910724676156	0.304	0.779	382.159
20	seg3	0.0	-0.0664159999999999	0.0523482213387746	-0.175	0.053	-49.812000000000005	0.3595039999999996	0.0973875384772953	0.232	0.603	269.628
20	seg4	1.0	-0.0237813333333333	0.0859058565226428	-0.197	0.196	-17.836	0.4476186666666666	0.140281587951599	0.219	0.767	335.714
20	seg5	1.0	0.034217808219178	0.0784728935705386	-0.342	0.241	24.979	0.4557876712328778	0.1185796194519587	-0.137	0.776	332.725
20	seg6	1.0	0.0838749999999999	0.074218322367189	-0.281	0.393	26.84	0.360496875	0.1932089056959703	-0.283	0.75	115.359
20	seg7	1.0	0.004764331210191	0.0759845894640333	-0.223	0.285	0.7480000000000001	0.3879108280254778	0.1445214980061394	-0.287	0.704	60.902
20	seg9	1.0	-0.0029242424242424	0.0825834705877941	-0.223	0.285	-0.5790000000000002	0.3567424242424244	0.1557973927706206	-0.287	0.639	70.635
20	seg10	0.0	0.0023531746031746	0.0728536684987888	-0.343	0.221	1.1860000000000008	0.4231706349206355	0.1387202658358365	-0.287	0.839	213.278
20	seg11	1.0	0.001356	0.0753152126996929	-0.343	0.221	1.0170000000000003	0.4493786666666676	0.157402238267299	-0.035	0.878	337.034
20	seg12	1.0	0.001356	0.0753152126996929	-0.343	0.221	1.0170000000000003	0.4493786666666676	0.157402238267299	-0.035	0.878	337.034
20	seg13	1.0	0.0318800705467372	0.1060609275897317	-0.232	0.375	18.076	0.410183421516755	0.1626295761999024	0.083	0.77	232.574
20	seg15	0.0	0.0579655172413792	0.0857144811904057	-0.226	0.289	21.853	0.4470954907161806	0.1203230902775395	-0.128	0.756	168.555
20	seg16	1.0	-0.0299261744966442	0.0771088043232254	-0.343	0.159	-22.295	0.481777181208054	0.1433492333456278	-0.035	0.878	358.924
20	seg17	0.0	-0.00187812041116	0.0962104802555551	-0.539	0.226	-1.279	0.3851130690161528	0.1427860515780027	-0.096	0.826	262.26199999999994
21	seg1	0.0	-0.0351588785046728	0.0555098482158122	-0.203	0.139	-26.334000000000003	0.5011388518024035	0.0855828642198941	0.291	0.779	375.35300000000007
21	seg2	0.0	-0.0510987983978638	0.0594984005228525	-0.243	0.151	-38.273	0.4537423230974636	0.1076075750652603	0.148	0.726	339.85300000000007
21	seg3	1.0	-0.0571373333333333	0.0500682847674608	-0.174	0.053	-42.85300000000001	0.3235506666666669	0.0639492879779664	0.234	0.581	242.663
21	seg4	0.0	0.0061139410187667	0.0917520066111698	-0.197	0.211	4.561000000000007	0.5316474530831101	0.1233910514664053	0.219	0.773	396.609
21	seg5	1.0	0.0377342465753424	0.0797994956882786	-0.342	0.241	27.546	0.4452246575342475	0.1137382910196069	-0.137	0.78	325.014
21	seg6	0.0	0.0958427419354839	0.0646447758453433	-0.342	0.343	47.538	0.4397459677419356	0.1241039983364586	-0.137	0.78	218.114
21	seg7	0.0	0.0856861538461538	0.0708248106830087	-0.269	0.343	27.848	0.4514369230769231	0.1487491844261864	-0.125	0.78	146.71699999999998
21	seg9	1.0	0.065692832764505	0.0971985820439841	-0.269	0.343	19.248	0.4268703071672352	0.1571865163657793	-0.125	0.729	125.073
21	seg10	0.0	0.0191346534653465	0.0742901569051965	-0.269	0.238	9.663	0.4694198019801979	0.1533121258241279	-0.085	0.702	237.057
21	seg11	0.0	0.0025361930294906	0.0610195055482821	-0.191	0.217	1.8919999999999988	0.4340348525469167	0.154240972525705	0.112	0.719	323.79
21	seg12	0.0	0.0025361930294906	0.0610195055482821	-0.191	0.217	1.8919999999999988	0.4340348525469167	0.154240972525705	0.112	0.719	323.79
21	seg13	1.0	0.007251655629139	0.140176034953927	-1.127	0.336	2.1900000000000004	0.3168443708609272	0.1841449336101133	-1.01	0.661	95.68699999999998
21	seg15	1.0	-0.0031700680272108	0.0739933539470947	-0.143	0.252	-1.3980000000000006	0.4449682539682541	0.1079897697719993	-0.141	0.704	196.231
21	seg16	0.0	0.0018016085790884	0.0563039034317195	-0.152	0.2	1.3439999999999994	0.4432667560321717	0.1331954152872827	0.131	0.719	330.677
21	seg17	0.0	-0.0299261744966442	0.0771088043232254	-0.343	0.159	-22.295	0.481777181208054	0.1433492333456278	-0.035	0.878	358.924
22	seg1	0.0	-0.0541239999999999	0.044933602392864	-0.175	0.078	-40.593	0.3279613333333335	0.0716116366583595	0.172	0.476	245.971
22	seg2	0.0	-0.0451178977272727	0.0453330355424114	-0.148	0.085	-31.763	0.3872102272727273	0.0937480673010149	0.136	0.723	272.596
22	seg3	0.0	-0.0518422619047618	0.056238481357163	-0.219	0.088	-34.83800000000001	0.490258928571428	0.105523799408992	0.152	0.779	329.45399999999995
22	seg4	0.0	-0.0398877005347593	0.0644101223366198	-0.243	0.151	-29.836	0.4647820855614982	0.1032213594047359	0.148	0.726	347.657
22	seg5	1.0	-0.0575546666666667	0.0529439358651101	-0.174	0.053	-43.166	0.3391879999999997	0.0784913455271768	0.232	0.581	254.391
22	seg6	0.0	-0.0619626666666666	0.0509011978204398	-0.197	0.053	-46.472	0.3489733333333333	0.0838776685947391	0.234	0.593	261.73
22	seg7	0.0	-0.0289266666666667	0.0805494710652334	-0.197	0.196	-21.695	0.4368306666666666	0.1364335124748395	0.219	0.767	327.62300000000005
22	seg9	0.0	0.0061300268096514	0.0917406326708134	-0.197	0.211	4.572999999999997	0.530839142091153	0.1243468226440742	0.219	0.773	396.006
22	seg10	1.0	0.0397278820375334	0.0706614835307295	-0.13	0.211	29.637	0.5464530831099189	0.1184976151495229	0.199	0.776	407.654
22	seg11	0.0	0.0333835616438356	0.0782894751646814	-0.342	0.241	24.37	0.4581849315068503	0.1213117349361325	-0.137	0.776	334.475
22	seg12	0.0	0.0333835616438356	0.0782894751646814	-0.342	0.241	24.37	0.4581849315068503	0.1213117349361325	-0.137	0.776	334.475
22	seg13	1.0	-0.0010400572246065	0.0660631647974742	-0.175	0.2	-0.7270000000000003	0.3977410586552213	0.1209122225724336	-0.146	0.768	278.021
22	seg15	0.0	0.0925016077170417	0.0712555689524685	-0.281	0.393	28.768	0.3541286173633439	0.1952222976902271	-0.283	0.712	110.134
22	seg16	0.0	0.0546003316749585	0.0836663661758856	-0.342	0.241	32.924	0.4157064676616912	0.1080721846229683	-0.137	0.78	250.671
22	seg17	1.0	-0.0035136986301369	0.0728426623985941	-0.143	0.252	-1.5389999999999997	0.4421210045662102	0.1090235049303651	-0.141	0.704	193.649
23	seg1	1.0	-0.0466458333333333	0.0506020848833687	-0.219	0.088	-31.346000000000004	0.3977395833333331	0.0938886231244624	0.136	0.723	267.281
23	seg2	1.0	-0.0523376623376623	0.0554851225722586	-0.219	0.088	-36.27	0.490421356421356	0.1038577460056549	0.152	0.779	339.862
23	seg3	1.0	0.0848979999999999	0.0771481924350791	-0.342	0.343	42.449	0.4254099999999999	0.1255158870422386	-0.137	0.78	212.705
23	seg4	1.0	0.0237825112107623	0.0818578268689244	-0.269	0.238	10.607	0.4320784753363225	0.1548797324048018	-0.125	0.698	192.707
23	seg5	1.0	0.001058201058201	0.1309931812876294	-1.127	0.336	0.4000000000000014	0.3539841269841269	0.1768250406083442	-1.01	0.75	133.80599999999998
23	seg6	1.0	-0.0031700680272108	0.0739933539470947	-0.143	0.252	-1.3980000000000006	0.4449682539682541	0.1079897697719993	-0.141	0.704	196.231
23	seg7	1.0	0.0013217213114754	0.0737297136555243	-0.343	0.221	0.6449999999999996	0.4235471311475415	0.1395166782731006	-0.287	0.839	206.691
23	seg9	1.0	0.0648636363636364	0.0845601377058342	-0.189	0.287	44.237	0.4229560117302048	0.1344912466509844	0.021	0.752	288.456
23	seg10	0.0	-0.0141823617339312	0.0794845478761371	-0.218	0.32	-9.488	0.3637204783258598	0.139184678691413	-0.087	0.67	243.329
23	seg11	1.0	0.0099276139410187	0.0821428665456321	-0.218	0.287	7.4060000000000015	0.3810777479892759	0.1127630644340534	0.013	0.629	284.284
23	seg12	1.0	0.0099276139410187	0.0821428665456321	-0.218	0.287	7.4060000000000015	0.3810777479892759	0.1127630644340534	0.013	0.629	284.284
23	seg13	1.0	0.0254103448275862	0.0992336526790132	-0.341	0.289	14.737999999999998	0.4085620689655166	0.1194840399493419	-0.128	0.756	236.966
23	seg15	1.0	0.0362863849765258	0.0601444087885802	-0.149	0.199	15.458	0.3383403755868545	0.1066215901550097	0.069	0.627	144.13299999999998
23	seg16	1.0	0.0631713030746704	0.0748682098072128	-0.115	0.287	43.146	0.4051493411420201	0.114042174310769	0.013	0.629	276.717
23	seg17	1.0	0.0091315789473684	0.0763521059990448	-0.22	0.224	5.205	0.4435456140350872	0.1155423467144063	-0.147	0.754	252.82100000000003
24	seg1	1.0	-0.04514	0.050613098436406	-0.175	0.078	-33.855	0.3335866666666665	0.0768246129541539	0.172	0.495	250.19
24	seg2	0.0	-0.0378703208556149	0.0673212469850267	-0.243	0.151	-28.327	0.4774478609625666	0.1056876070131838	0.148	0.726	357.131
24	seg3	1.0	-0.0401401869158878	0.0563950432961645	-0.203	0.139	-30.065	0.503404539385848	0.0850236001523415	0.197	0.779	377.05
24	seg4	0.0	-0.0544432576769024	0.0581924531195278	-0.243	0.151	-40.778	0.4540667556742326	0.1070722567888317	0.148	0.726	340.096
24	seg5	1.0	0.0799771428571428	0.0768402142446915	-0.342	0.343	41.988	0.424881904761905	0.121456781873383	-0.137	0.78	223.063
24	seg6	0.0	0.0841983471074379	0.0790821959500127	-0.269	0.343	20.376	0.4531942148760327	0.1598263245404808	-0.125	0.729	109.673
24	seg7	0.0	0.0257638190954773	0.0727684851174293	-0.175	0.221	15.381	0.4079832495812397	0.1316586357567924	-0.283	0.768	243.566
24	seg9	1.0	0.0567933579335793	0.0754815641342218	-0.175	0.365	30.782000000000004	0.3676457564575644	0.1657810875113844	-0.283	0.768	199.264
24	seg10	1.0	0.0787627627627627	0.0771955953064	-0.281	0.393	26.228	0.3655435435435435	0.1910805579735713	-0.283	0.75	121.726
24	seg11	1.0	0.0171675257731959	0.0838728497477344	-0.281	0.393	6.661	0.3737164948453603	0.1587469685921543	-0.176	0.75	145.002
24	seg12	1.0	0.0171675257731959	0.0838728497477344	-0.281	0.393	6.661	0.3737164948453603	0.1587469685921543	-0.176	0.75	145.002
24	seg13	1.0	-0.0284160583941605	0.0992178886382202	-0.355	0.176	-11.679	0.3773625304136253	0.1644588337176134	0.007	0.785	155.096
24	seg15	1.0	0.0688081991215227	0.0722880794703142	-0.095	0.287	46.996	0.4414275256222547	0.1137964531152357	0.06	0.752	301.495
24	seg16	0.0	0.0094735099337748	0.1397885736559554	-1.127	0.336	2.861000000000001	0.309930463576159	0.1845376856263819	-1.01	0.661	93.599
24	seg17	1.0	0.0392802893309222	0.1018202468448559	-0.232	0.375	21.722	0.4592459312839058	0.1447745304030631	0.005	0.74	253.963
25	seg1	0.0	-0.0524626666666666	0.045862496729051	-0.175	0.078	-39.347	0.3278973333333335	0.0748962045737669	0.172	0.48	245.923
25	seg2	0.0	-0.0405982142857142	0.0493128303274762	-0.219	0.088	-27.282	0.417723214285714	0.0947377529924017	0.136	0.723	280.71000000000004
25	seg3	0.0	-0.0449639037433155	0.0604922546131589	-0.243	0.151	-33.633	0.4462032085561505	0.1080183257891118	0.148	0.726	333.76
25	seg4	1.0	-0.0577853333333334	0.0498448584933514	-0.174	0.053	-43.339	0.3283786666666668	0.0691835862871791	0.234	0.581	246.284
25	seg5	1.0	0.062046357615894	0.0980464707868309	-0.269	0.343	18.738	0.4307086092715227	0.15644227885908	-0.125	0.729	130.074
25	seg6	1.0	0.0043623978201634	0.0581888965945695	-0.152	0.2	3.2019999999999995	0.4309809264305178	0.1338424982959278	-0.146	0.719	316.34000000000003
25	seg7	1.0	0.0079238410596026	0.1423770440648245	-1.127	0.336	2.393	0.3622417218543049	0.1851494237641965	-1.01	0.661	109.397
25	seg9	1.0	-0.0036270396270396	0.0748052378147606	-0.143	0.252	-1.5559999999999998	0.4546177156177157	0.0920623750414799	-0.037	0.704	195.031
25	seg10	0.0	0.0075698051948052	0.0730579182084259	-0.343	0.221	4.662999999999999	0.448316558441559	0.147185672513837	0.023	0.839	276.163
25	seg11	1.0	-0.0526683937823834	0.0829771420301554	-0.355	0.22	-20.33	0.4868238341968916	0.118346707004775	0.007	0.73	187.914
25	seg12	1.0	-0.0526683937823834	0.0829771420301554	-0.355	0.22	-20.33	0.4868238341968916	0.118346707004775	0.007	0.73	187.914
25	seg13	1.0	-0.0757642276422764	0.2060138028356859	-0.777	0.226	-27.957	0.2235392953929539	0.2353654811192255	-0.137	0.723	82.48599999999999
25	seg15	1.0	0.0578620689655172	0.1282946834542099	-0.569	0.239	8.389999999999999	0.3411793103448276	0.1241033311934755	-0.075	0.667	49.471
25	seg16	1.0	0.0081242514970059	0.0832202967736743	-0.218	0.32	5.427	0.3504161676646706	0.1414005241913928	-0.087	0.785	234.078
25	seg17	1.0	0.0552539936102236	0.0627153238457192	-0.17	0.255	34.589	0.3218083067092647	0.1498548552122322	-0.044	0.658	201.452
