Part_id	Sc_id	enddistance	endpupilsize	length	maxdistance	maxpupilsize	maxpupilvelocity	meanabspathangles	meandistance	meanfixationduration	meanpathdistance	meanpupilsize	meanpupilvelocity	meanrelpathangles	mindistance	minpupilsize	minpupilvelocity	numfixations	numsamples	startdistance	startpupilsize	stddevabspathangles	stddevdistance	stddevfixationduration	stddevpupilsize	stddevpupilvelocity	stddevrelpathangles	sumabspathangles	sumfixationduration	sumrelpathangles	answer
1.0	seg9	553.5	2591.0	9975221.0	560.3	3478.5	0.021645152	1.082241373	551.6020408	179.6666667	380.5170733	3165.129252	0.001383344	1.066252673	543.5	2542.5	0.0	9.0	598.0	553.1	3264.0	1.101817094	4.408117813	93.40904667	164.6781428	0.003224124	0.714143268	8.65793098	1617.0	7.463768712	1.0
1.0	seg8	556.3	2999.5	9992698.0	562.4	3499.5	0.049147352	1.542161036	556.1792683	184.75	240.7308866	3251.365854	0.001238184	1.140591233	551.25	2224.5	0.0	12.0	601.0	555.25	3194.5	1.018630087	2.469515584	67.15670277	171.5421359	0.004279001	0.835749334	16.96377139	2217.0	11.40591233	1.0
1.0	seg5	552.85	3536.5	9992693.0	564.7	4054.5	0.025758031	1.397227609	555.4254808	141.75	499.4611202	3469.634615	0.001764481	1.202019044	549.55	1621.0	0.0	8.0	601.0	558.9	2744.0	1.101823541	3.081285471	64.90597595	450.7951133	0.003652242	0.770778078	9.780593264	1134.0	7.212114263	1.0
1.0	seg7	556.3	2999.5	9992698.0	562.4	3499.5	0.049147352	1.542161036	556.1792683	184.75	240.7308866	3251.365854	0.001238184	1.140591233	551.25	2224.5	0.0	12.0	601.0	555.25	3194.5	1.018630087	2.469515584	67.15670277	171.5421359	0.004279001	0.835749334	16.96377139	2217.0	11.40591233	0.0
1.0	seg6	554.95	3194.5	9976033.0	563.4	3939.5	0.088381867	1.611793206	553.1235119	297.9230769	273.3436985	3388.022817	0.000787135	1.143628795	547.05	1532.0	0.0	26.0	600.0	548.85	3822.5	1.150357372	4.089906327	141.9720883	282.921137	0.00435003	1.176314037	40.29483016	7746.0	27.44709108	1.0
1.0	seg10	547.25	3388.0	9973609.0	569.6	3826.5	0.064305014	1.4863047	552.7834034	244.6923077	272.4369518	3388.136555	0.00099175	0.911497118	534.1	1901.0	0.0	13.0	596.0	537.8	3035.0	0.943682113	6.797727637	247.6150859	274.4695022	0.004393593	0.678692797	17.8356564	3181.0	10.0264683	1.0
1.0	seg3	553.5	3697.5	9976046.0	566.7	3947.5	0.043410387	1.275817302	553.8826347	166.6363636	286.2253034	3541.691617	0.001670188	1.648669207	547.35	1433.0	0.0	11.0	600.0	552.3	2518.0	1.232545602	3.708886788	100.2888555	361.1759481	0.004472663	1.078114196	12.75817302	1833.0	14.83802286	1.0
1.0	seg2	556.9	1747.0	9992700.0	573.3	3665.5	0.104840759	1.335092097	559.8438645	334.6086957	321.9930066	3396.777407	0.000906644	1.326203377	542.75	0.982	0.0	23.0	601.0	545.85	3175.5	1.237013815	5.188622335	390.5687856	262.720442	0.004976096	1.156134751	29.37202613	7696.0	27.85027091	1.0
1.0	seg15	561.3	2449.5	9992683.0	568.1	3735.0	0.022155509	1.566546518	560.3806785	308.1428571	455.4696253	3281.483776	0.000867131	0.836844568	550.45	2183.0	0.0	14.0	601.0	558.4	3057.5	0.849381762	3.479541196	332.2619118	282.1994089	0.002332463	0.820645985	20.36510474	4314.0	10.04213482	1.0
1.0	seg13	552.05	3095.5	9976011.0	560.1	3633.5	0.009966977	1.349196764	553.0066427	231.0967742	396.1659865	3141.472172	0.000531508	1.131571378	547.45	2882.0	0.0	31.0	600.0	550.3	3119.5	1.025739876	2.722035851	70.86623777	172.3022473	0.000787393	0.718365059	40.47590293	7164.0	32.81556995	1.0
1.0	seg14	558.95	3539.0	9992684.0	568.1	3730.0	0.069773028	1.444348186	561.2793333	354.9230769	493.8750108	3174.173333	0.000918736	0.750390463	555.5	1759.0	0.0	13.0	601.0	558.95	3149.0	0.833983208	2.92295257	344.5875461	254.4877831	0.004374185	0.828105505	17.33217823	4614.0	8.254295089	1.0
1.0	seg17	539.5	3115.5	9976045.0	547.9	3392.5	0.04022816	1.637447029	543.1559754	317.0	354.6381751	3154.246046	0.000678131	1.042487484	537.55	1991.0	0.0	26.0	600.0	538.05	3076.0	1.170932431	1.762140825	165.9132303	130.8000171	0.00268434	0.835835492	40.93617573	8242.0	25.01969962	1.0
2.0	seg9	544.55	4309.0	9992694.0	561.8	4469.0	0.015550886	1.502374585	551.9996047	185.2941176	182.142065	4054.770751	0.000725708	1.48988928	539.6	2588.0	0.0	17.0	601.0	560.5	4045.5	1.167314811	6.005876739	77.83216294	201.6544389	0.001282884	1.002375925	24.03799336	3150.0	22.34833919	1.0
2.0	seg8	559.85	4046.0	9976045.0	571.7	4502.0	0.037888795	1.488604913	560.5346304	176.2105263	412.0121679	4114.661479	0.001231866	1.424538359	544.75	2852.0	0.0	19.0	600.0	561.6	4012.0	1.049408605	3.158617175	81.88920628	233.0390177	0.003433602	0.936897779	26.79488844	3348.0	24.21715211	1.0
2.0	seg5	547.0	3880.0	9976049.0	562.0	4570.5	0.004413089	1.200648438	554.7622581	227.7222222	346.3704578	4181.487097	0.000585525	1.49000024	546.4	3611.0	0.0	18.0	600.0	555.9	3795.0	1.208940268	2.529408529	160.677172	240.3732464	0.000630078	1.143194216	20.41102345	4099.0	23.84000384	1.0
2.0	seg7	559.85	4046.0	9976045.0	571.7	4502.0	0.037888795	1.488604913	560.5346304	176.2105263	412.0121679	4114.661479	0.001231866	1.424538359	544.75	2852.0	0.0	19.0	600.0	561.6	4012.0	1.049408605	3.158617175	81.88920628	233.0390177	0.003433602	0.936897779	26.79488844	3348.0	24.21715211	1.0
2.0	seg6	561.3	4134.0	9992709.0	614.45	5051.5	0.095292422	1.557703817	572.407565	170.3125	248.7871522	4417.809693	0.00170531	1.705045174	525.5	2296.0	0.0	32.0	601.0	525.5	2296.0	1.006708451	18.31961732	116.6805502	362.5273235	0.007493463	0.894872347	48.28881832	5450.0	51.15135521	1.0
2.0	seg10	553.7	4145.0	9975150.0	566.7	4596.0	0.015191546	1.729757916	555.4927027	140.0	765.1583431	4125.732432	0.001139426	1.662826745	538.65	1961.0	0.0	15.0	598.0	549.3	3573.0	0.709140396	5.80146751	55.07657008	297.5502607	0.001880157	1.153750837	24.21661082	2100.0	21.61674769	1.0
2.0	seg3	555.65	4172.5	9976045.0	575.3	4394.0	0.020895881	1.49305395	560.3078125	195.0	308.9438968	3929.971354	0.000923739	1.563706782	551.85	2146.0	0.0	13.0	600.0	575.3	3407.0	1.181013676	4.861470099	97.39609848	356.0999153	0.001814165	1.048918848	17.9166474	2535.0	17.20077461	1.0
2.0	seg2	569.7	4350.5	9992716.0	576.3	4597.0	0.068988292	1.547811865	570.1588793	205.2631579	255.6262727	4314.096552	0.001277954	1.649771129	562.85	1492.0	0.0	38.0	601.0	571.3	4515.0	1.071659672	2.38666299	103.4300088	193.266917	0.004809316	0.977851804	57.269039	7800.0	59.39176064	0.0
2.0	seg15	544.35	4436.0	9991329.0	558.85	4801.0	0.008706617	1.609952984	541.0529825	192.0	310.1009257	4530.514035	0.000599269	1.595418885	532.75	4104.0	0.0	21.0	599.0	551.2	4154.0	1.043106579	5.600469977	62.55317738	215.2821637	0.000772609	0.9516345	32.19905969	4032.0	30.31295882	1.0
2.0	seg13	551.0	4705.5	9976048.0	587.4	4998.0	0.104533173	1.607801309	556.5877698	186.46875	290.9377157	4679.743405	0.001107966	1.762331783	548.75	1732.0	0.0	32.0	600.0	587.4	1732.0	1.102226733	4.982514528	81.66492688	278.404596	0.006008837	0.990741126	49.84184057	5967.0	52.86995348	1.0
2.0	seg14	539.25	4566.0	9991333.0	561.25	4578.5	0.008706617	1.50419946	548.9123288	177.1818182	289.8956591	4297.061644	0.000852242	1.603528802	538.3	4104.0	0.0	11.0	599.0	560.2	4313.0	0.958742217	6.725854802	62.33108082	124.4392372	0.001073399	1.064015124	15.0419946	1949.0	14.43175922	1.0
2.0	seg17	547.2	3772.5	9976026.0	608.3	4678.5	0.040290621	1.611161222	568.4037807	154.6744186	316.1977813	4137.114367	0.001108493	1.791023175	535.4	3330.0	0.0	43.0	600.0	598.4	4471.0	1.100357963	21.60327151	71.34714628	323.3172969	0.00240928	1.028109377	67.66877131	6651.0	73.43195018	1.0
3.0	seg9	543.6	3395.0	9992726.0	548.65	3762.0	0.068456134	1.453609007	538.6013725	254.1071429	231.6440516	3478.583333	0.000604645	1.005893157	530.45	1748.0	0.0	28.0	601.0	540.6	3762.0	1.100948364	3.517751514	183.9090635	140.4546799	0.00315853	0.808787666	39.24744318	7115.0	26.15322208	1.0
3.0	seg8	540.45	3770.5	9975206.0	554.3	3879.5	0.005703993	1.487023364	534.3747788	210.5714286	263.3116588	3534.225664	0.00066768	0.77803338	512.3	2728.0	0.0	14.0	598.0	527.6	3752.0	1.059725566	11.77991534	83.74936444	184.6778636	0.000697077	0.699397385	19.33130373	2948.0	9.336400561	1.0
3.0	seg7	540.45	3770.5	9975206.0	554.3	3879.5	0.005703993	1.487023364	534.3747788	210.5714286	263.3116588	3534.225664	0.00066768	0.77803338	512.3	2728.0	0.0	14.0	598.0	527.6	3752.0	1.059725566	11.77991534	83.74936444	184.6778636	0.000697077	0.699397385	19.33130373	2948.0	9.336400561	0.0
3.0	seg6	545.0	3362.0	9976065.0	558.7	4164.0	0.024677274	1.83226014	544.0968868	235.9666667	311.1184864	3662.693396	0.000619637	1.352291579	518.3	2589.0	0.0	30.0	600.0	518.3	3190.5	1.181530721	7.186750354	96.09136577	252.7807239	0.00182298	1.021144041	53.13554406	7079.0	37.86416422	1.0
3.0	seg3	509.1	3995.0	9976036.0	527.0	4073.5	0.083883752	1.527337303	516.1396667	288.6666667	282.5824465	3777.321667	0.001083051	1.512482918	481.7	1735.0	0.0	15.0	600.0	481.7	3477.0	1.236343696	5.94062398	292.8904395	288.1243647	0.005168042	1.203500807	21.38272224	4330.0	19.66227794	1.0
3.0	seg2	523.45	3947.0	9972621.0	527.0	4021.5	0.083883752	1.500947809	516.5236111	302.5	152.422922	3717.861111	0.002112317	1.34001082	481.7	1735.0	0.0	6.0	596.0	481.7	3477.0	1.069775722	7.873187251	274.1968271	285.4304327	0.008437249	1.087399342	7.504739047	1815.0	5.360043279	1.0
3.0	seg15	520.2	1374.0	9976017.0	529.65	4013.0	0.006364837	1.728989138	512.6353488	265.0909091	306.5816264	3605.188372	0.000775428	1.31465011	499.8	1374.0	0.0	11.0	600.0	512.7	4013.0	1.1670828	6.120246143	282.6653338	333.6193906	0.000776076	1.048266853	17.28989138	2916.0	11.83185099	0.0
3.0	seg13	513.9	3223.0	9976056.0	547.85	4230.0	0.004383331	1.115959658	527.1284615	131.8181818	318.1923328	3742.25	0.000944151	1.521232426	503.35	3223.0	0.0	11.0	600.0	547.85	3882.0	1.079494164	12.62471419	38.95591914	245.6093849	0.000794123	1.014063105	11.15959658	1450.0	13.69109184	1.0
3.0	seg14	511.0	2379.0	9976019.0	529.65	4052.5	0.004202942	1.880983721	512.8218935	200.0	298.3219637	3744.550296	0.000931959	1.471464409	488.8	1858.0	0.0	11.0	600.0	488.8	3842.0	1.012588163	6.715601945	236.3662412	292.5574864	0.000781425	1.058308865	18.80983721	2200.0	13.24317968	1.0
3.0	seg11	529.2	3587.0	9988678.0	547.45	4147.0	0.003062327	1.655867157	532.78425	161.5	180.7076426	3827.5875	0.00057241	1.205092855	520.1	3587.0	0.0	16.0	597.0	522.0	3981.0	1.066569994	6.134472119	80.39568811	119.9284066	0.000559575	0.99116757	24.83800736	2584.0	16.87129997	1.0
4.0	seg8	616.5	3748.5	9976056.0	639.9	3748.5	0.009486641	1.602095185	617.6446619	176.55	472.1115197	3264.725979	0.000978156	1.503855997	609.1	3020.0	0.0	20.0	600.0	615.45	3303.5	0.994212064	5.605890395	87.90094605	145.5343774	0.001479891	0.847463797	30.43980852	3531.0	27.06940794	0.0
4.0	seg5	595.15	3418.5	9976068.0	620.9	3910.0	0.01864305	1.605811138	607.7692913	191.32	370.6008576	3431.967192	0.000833149	1.233721256	595.15	2966.0	0.0	25.0	600.0	603.15	3463.0	1.121471083	5.093420862	75.80332007	130.567036	0.001633803	0.950467772	38.53946732	4783.0	28.37558889	1.0
4.0	seg4	607.45	3395.5	9992690.0	627.6	3655.0	0.040288202	1.58520055	612.4408411	212.030303	406.4295644	3384.072897	0.000918161	1.526036216	605.5	2594.0	0.0	33.0	601.0	615.6	3326.5	1.18722947	3.454942755	97.17622036	130.5585068	0.002556165	1.130269884	50.72641759	6997.0	47.30712269	0.0
4.0	seg6	614.75	3305.5	9992703.0	624.8	4090.5	0.038546983	1.667993829	610.1869801	198.9722222	397.8060116	3364.757685	0.000992977	1.130831878	603.1	2296.5	0.0	36.0	601.0	611.7	4039.0	1.124791257	3.561072052	64.44376779	275.1599552	0.002506937	0.992669798	58.37978402	7163.0	38.44828385	0.0
4.0	seg1	591.0	3885.5	9976053.0	604.6	4269.5	0.161883031	1.431439716	594.0914151	222.2758621	632.6374462	3682.963208	0.001468703	1.311529416	576.5	2688.5	0.0	29.0	600.0	594.9	3135.0	0.876821546	5.287547063	194.2509232	275.1186135	0.007331556	0.793092527	40.08031205	6446.0	35.41129424	0.0
4.0	seg3	586.15	3829.5	9976063.0	632.65	4252.5	0.112698889	1.390659989	602.6676152	274.3157895	233.7693965	3703.555556	0.001153707	1.027105973	577.8	1686.0	0.0	19.0	600.0	630.4	3467.0	1.420530739	17.43300106	163.2809619	236.7902932	0.006323871	1.241844943	25.03187979	5212.0	17.46080154	0.0
4.0	seg2	612.15	3483.0	9976049.0	615.65	3959.0	0.07506155	1.525925334	604.0959649	209.6666667	238.7478401	3728.787719	0.001395397	1.503704205	596.0	1753.0	0.0	36.0	600.0	606.75	3852.5	1.145842414	4.550239129	110.3322256	164.5834216	0.004903971	1.083460856	53.4073867	7548.0	51.12594297	1.0
4.0	seg15	615.05	3694.5	9992708.0	624.0	4035.0	0.090068452	1.525997286	613.4497904	218.4074074	693.6886637	3654.860587	0.001171966	1.206935811	601.1	2141.0	0.0	27.0	601.0	605.75	3208.5	0.931060487	4.776417027	120.3626761	225.3310775	0.00494394	0.998285399	39.67592944	5897.0	30.17339528	0.0
4.0	seg13	619.2	3069.0	9992688.0	621.3	3840.0	0.108916241	1.694303422	615.9005973	235.6470588	343.0484033	3424.025597	0.001013977	1.671526651	604.05	1388.0	0.0	34.0	601.0	604.7	3611.5	1.205757058	3.066523768	107.8548077	292.0391632	0.005973357	1.051034304	55.91201292	8012.0	53.48885283	0.0
4.0	seg14	615.25	3714.5	9992709.0	628.6	4035.0	0.090068452	1.620113661	612.7558667	198.5	715.6158336	3562.852	0.001211448	1.329264202	600.05	2141.0	0.0	24.0	601.0	628.6	3387.0	0.943105717	6.433765186	113.9294213	229.5934912	0.005400279	0.987959392	37.2626142	4764.0	29.24381245	1.0
4.0	seg11	615.45	3701.0	9992712.0	640.9	4116.0	0.051546082	1.56737348	621.0121242	211.90625	285.4734395	3663.998998	0.000851469	1.735031971	598.4	1780.0	0.0	32.0	601.0	619.4	3436.0	0.955581541	8.366928365	113.0387771	203.3591139	0.002686453	0.930252666	48.58857789	6781.0	52.05095913	0.0
5.0	seg8	525.65	3886.5	9992695.0	539.9	4842.0	0.074761304	1.48702354	518.3484536	205.125	251.2095262	4314.041237	0.001623346	1.21494128	458.05	2154.0	0.0	16.0	601.0	519.65	4541.0	1.235404524	9.722163943	145.8546651	360.310984	0.005462046	1.037923964	22.30535311	3282.0	17.00917792	1.0
5.0	seg5	515.65	4456.0	9988605.0	528.7	4647.0	0.009667347	1.536506377	514.8635838	230.1	392.3101487	4275.66763	0.001176304	0.218964361	464.6	3786.0	0.0	10.0	597.0	511.8	4388.5	1.508015612	10.97509352	130.897288	229.8405873	0.00159146	0.400162614	13.8285574	2301.0	1.75171489	1.0
5.0	seg4	568.5	4099.0	9992700.0	574.2	4578.5	0.020894626	1.345956819	560.5751295	189.2	463.9597344	4168.268135	0.001027509	1.557117251	549.65	3505.0	0.0	25.0	601.0	549.65	4578.5	1.23428776	5.246160314	78.71308659	149.8703855	0.002151211	1.284250353	32.30296364	4730.0	35.81369678	1.0
5.0	seg6	529.65	4055.0	9992675.0	536.4	4804.0	0.043953405	1.536922417	529.1703219	235.7307692	332.5097127	4152.971831	0.001268471	1.367142463	522.7	3249.5	0.0	26.0	601.0	528.85	4566.5	1.213455317	3.084150674	143.232275	304.1631321	0.003124961	1.124309604	38.42306042	6129.0	32.81141911	1.0
5.0	seg1	493.8	4764.5	9992699.0	496.05	4777.5	0.025397778	1.514988514	483.9570115	225.2	265.3021759	4345.224138	0.001253995	1.282850913	471.35	3431.0	0.0	25.0	601.0	476.95	4092.5	1.021873755	5.405819342	115.5970011	192.5188476	0.002337142	1.137343326	36.35972434	5630.0	29.50557101	1.0
5.0	seg3	508.05	3745.0	9976027.0	519.8	4954.0	0.040831032	1.373346692	509.0946269	212.1578947	310.0440245	4437.259701	0.001976892	1.177560439	497.35	2188.0	0.0	19.0	600.0	499.65	4435.0	1.377790153	3.983049913	106.4332149	327.622016	0.0045565	1.275896325	24.72024045	4031.0	20.01852746	0.0
5.0	seg2	489.45	4774.0	9992688.0	506.0	4981.0	0.024798847	1.236123816	492.0773913	183.3333333	498.1947592	4566.834783	0.001326316	1.251333718	478.4	3612.0	0.0	30.0	601.0	499.7	4392.5	1.083785444	7.542601573	100.3027601	208.9779228	0.002741726	1.121244919	35.84759066	5500.0	35.03734411	1.0
5.0	seg15	557.0	3945.0	9976041.0	576.5	4678.0	0.071990393	1.604976301	550.8704819	241.1764706	385.4535432	4197.091867	0.002069712	1.12004396	536.3	2632.0	0.0	17.0	600.0	548.8	4078.5	1.061091851	8.759620645	127.35837	221.3407303	0.006294161	0.844675915	25.67962082	4100.0	16.8006594	1.0
5.0	seg13	519.5	3850.5	9990501.0	532.35	4994.0	0.009666767	1.433903435	522.6016611	183.25	306.4400419	4079.966777	0.000957238	0.954113563	508.7	3718.0	0.0	20.0	599.0	517.55	3782.0	1.174728066	5.699990985	72.76195868	213.1571304	0.001365531	0.918392421	27.24416527	3665.0	17.17404413	1.0
5.0	seg14	545.6	4649.5	9974193.0	576.5	4678.0	0.071990393	1.60761664	542.7799202	229.3333333	429.0457475	4103.086436	0.001550405	0.947795383	475.0	2632.0	0.0	21.0	598.0	475.0	3979.0	1.054110944	18.59500656	125.8480565	208.2380749	0.005535398	0.83258697	32.1523328	4816.0	18.00811228	1.0
5.0	seg11	529.7	4255.5	9976050.0	544.55	4674.5	0.007445212	1.650662058	532.4830523	256.7352941	192.7997079	4201.866779	0.000639588	1.18587808	526.2	1546.0	0.0	34.0	600.0	529.15	4497.0	0.818706075	4.18585883	141.5077488	294.5928305	0.000905007	0.897108774	54.47184793	8729.0	37.94809857	1.0
5.0	seg17	510.3	3572.0	9991239.0	511.2	3968.0	0.011047733	1.45576196	499.4295685	236.7391304	262.6571026	3648.091371	0.000958709	1.338747196	441.3	3332.0	0.0	23.0	599.0	442.5	3824.5	1.066797848	13.91089309	122.3635483	113.6327979	0.001569942	1.02841063	32.02676312	5445.0	28.11369112	1.0
6.0	seg8	513.7	3923.0	9992709.0	519.55	4340.0	0.026658661	1.466511118	510.7272337	291.8518519	198.9467315	3930.059278	0.000711207	1.689061941	498.5	2984.0	0.0	27.0	601.0	498.55	3845.5	1.156295099	3.916940094	178.9582469	199.9350032	0.001634455	1.031963837	38.12928907	7880.0	42.22654854	1.0
6.0	seg5	536.5	4061.5	9976047.0	546.2	4218.5	0.017832483	1.396124698	538.7555651	242.09375	208.4976483	4016.192637	0.000719444	1.785648311	533.4	3239.0	0.0	32.0	600.0	537.2	3919.5	1.328334057	2.720714773	103.3632365	105.4741648	0.001507849	1.201035667	43.27986562	7747.0	53.56944934	1.0
6.0	seg4	532.35	3992.5	9976054.0	547.85	4314.5	0.058004083	1.546815864	538.1571678	267.0967742	288.2354388	4003.423077	0.001082752	1.559408701	525.45	1887.5	0.0	31.0	600.0	537.7	4003.5	1.019963606	4.994610162	196.9619853	221.7342452	0.003354614	0.896839777	46.40447593	8280.0	45.22285233	1.0
6.0	seg6	498.75	3852.5	9976037.0	505.2	4847.5	0.031375728	1.626894467	497.3801056	248.8787879	269.9831901	4282.760563	0.00130942	1.603514565	490.5	2699.0	0.0	33.0	600.0	492.25	4273.0	1.108693383	2.662862761	156.0634401	299.0127419	0.002825993	0.903555094	52.06062295	8213.0	49.70895151	1.0
6.0	seg1	635.0	4267.0	9992702.0	635.6	4386.0	0.026568598	1.300137476	632.1367876	329.6666667	238.4150598	4054.2038	0.000915223	1.463676694	628.15	2578.0	0.0	24.0	601.0	635.45	3890.0	1.272494979	1.658542647	175.425363	157.1721746	0.002054258	1.22544515	29.90316195	7912.0	32.20088727	1.0
6.0	seg10	502.7	4045.0	9992698.0	514.25	4374.5	0.053194044	1.681281191	503.8808547	314.5925926	250.4809723	3954.332479	0.000804663	1.746810729	494.2	2852.0	0.0	27.0	601.0	511.0	3707.5	0.79972803	4.857598125	186.9776332	144.8598761	0.002650916	1.079992767	43.71331096	8494.0	43.67026821	1.0
6.0	seg3	628.05	4165.5	9992713.0	632.85	4570.0	0.054398079	1.193934968	627.0486441	370.1538462	260.3476071	4149.866949	0.000805828	1.416118502	621.65	2498.0	0.0	26.0	601.0	630.15	4111.0	1.115249397	2.584275263	333.8897653	174.0024774	0.002692996	0.95218375	29.84837419	9624.0	33.98684406	0.0
6.0	seg2	627.65	4084.0	9992691.0	637.6	4442.0	0.085619934	1.395309808	629.2039384	323.4615385	267.2504329	4173.548801	0.001108589	1.747191246	623.4	1986.0	0.0	26.0	601.0	624.3	4007.0	1.231378593	3.836265279	183.2404389	174.056111	0.004553842	1.154058209	34.88274519	8410.0	41.93258991	1.0
6.0	seg15	537.75	4020.5	9976040.0	544.0	4270.0	0.21915773	1.429792733	529.9572917	365.0434783	324.4418703	3858.443326	0.001295507	1.555093248	522.5	0.928	0.0	23.0	600.0	532.7	3834.5	0.940683988	5.121141071	285.2776125	290.7422013	0.009398285	0.988021196	31.45544012	8396.0	32.65695821	0.0
6.0	seg13	644.5	3836.0	9976049.0	656.4	3966.0	0.017592315	1.607654849	644.4341463	324.44	365.8742001	3629.146341	0.000890316	1.181148466	636.8	2158.0	0.0	25.0	600.0	641.7	3764.5	1.206229984	3.525065007	212.5347187	186.8837643	0.001871655	0.918562556	38.58371638	8111.0	27.16641471	1.0
6.0	seg14	524.6	3908.5	9976040.0	544.0	4270.0	0.21915773	1.578507546	529.7482238	337.16	369.5823115	3787.709336	0.001269686	1.593165639	521.35	0.928	0.0	25.0	600.0	526.25	3482.0	1.001496537	5.132546215	255.6124475	297.53834	0.00942394	0.971879571	37.88418111	8429.0	36.64280969	1.0
6.0	seg11	505.8	3946.0	9976069.0	513.6	4418.0	0.054338037	1.566101607	508.0760943	338.0	212.8763186	4006.659091	0.000700271	1.313038167	500.35	2184.0	0.0	24.0	600.0	507.05	4121.5	0.902086169	2.619353491	134.0979525	265.3549207	0.002463164	0.790503877	36.02033697	8112.0	28.88683968	1.0
6.0	seg17	662.6	3861.5	9976046.0	667.7	4153.0	0.0364477	1.686744354	663.4474576	315.2857143	303.5270085	3717.272881	0.001008984	1.443475716	659.1	2278.5	0.0	28.0	600.0	663.5	4055.5	1.203361338	1.548289591	174.9268328	163.6075088	0.002346878	1.031066845	45.54209756	8828.0	37.53036863	1.0
7.0	seg9	457.7	3504.0	9991844.0	462.4	3723.0	0.043620534	1.365311056	457.5778761	215.2307692	300.0075585	3540.74115	0.000780701	1.586868673	442.0	2116.0	0.0	13.0	583.0	445.1	3233.0	1.250557819	2.434843714	104.1090405	204.8699816	0.00297835	1.101046223	16.38373268	2798.0	17.4555554	0.0
7.0	seg8	453.4	3325.5	15748018.0	479.9	3741.0	0.006905248	1.344658088	461.5287162	179.6666667	376.1590875	3533.841216	0.001054198	0.654567613	450.05	3325.5	0.0	9.0	894.0	464.6	3342.0	1.046732189	8.143838895	65.34332407	111.3988824	0.00120433	0.429994576	10.7572647	1617.0	4.581973289	1.0
7.0	seg5	444.7	3554.0	9988198.0	465.1	3798.0	0.008886754	0.932526181	449.1446429	109.4285714	185.2711765	3583.205357	0.001368873	1.203267923	443.7	3416.0	0.0	7.0	561.0	447.0	3798.0	1.0005454	4.853955075	27.11615228	117.3993486	0.001892365	0.44204976	5.595157083	766.0	6.016339617	1.0
7.0	seg4	474.45	3755.0	9992674.0	504.9	4207.0	0.048937192	1.556877746	484.5785345	250.9032258	323.3377974	3914.548276	0.000875371	1.712276504	471.9	2273.0	0.0	31.0	601.0	497.65	3737.5	1.109830966	8.064441477	211.558716	146.1848833	0.00288328	1.000247944	46.70633238	7778.0	49.65601861	1.0
7.0	seg7	453.4	3325.5	15748018.0	479.9	3741.0	0.006905248	1.344658088	461.5287162	179.6666667	376.1590875	3533.841216	0.001054198	0.654567613	450.05	3325.5	0.0	9.0	894.0	464.6	3342.0	1.046732189	8.143838895	65.34332407	111.3988824	0.00120433	0.429994576	10.7572647	1617.0	4.581973289	1.0
7.0	seg6	460.85	3442.0	9991422.0	467.05	4185.0	0.059711798	1.476133367	460.2361111	198.7037037	303.948799	3855.283816	0.000940974	1.510244995	454.5	1927.0	0.0	27.0	599.0	459.9	4074.0	1.219097132	2.976694235	76.93994402	217.4511267	0.003278893	1.148325075	38.37946755	5365.0	37.75612489	0.0
7.0	seg1	461.1	4202.5	9976064.0	463.45	4250.0	0.031283776	1.543247986	449.7747756	196.5294118	341.4786351	4040.912926	0.00104197	1.603097701	429.2	2229.0	0.0	34.0	600.0	443.1	4220.5	1.238395001	7.361030007	93.9613832	163.504535	0.00249597	1.118135309	50.92718352	6682.0	51.29912643	1.0
7.0	seg10	484.7	3293.0	9984023.0	492.8	4369.0	0.005463825	1.464763041	465.4897938	279.5416667	370.6857114	3780.119588	0.000724023	1.398470201	457.6	3227.0	0.0	24.0	591.0	492.8	4288.0	0.823083876	6.233450317	271.8130718	247.7935319	0.000800741	1.001927711	33.68954994	6709.0	30.76634443	0.0
7.0	seg3	425.7	3593.0	24903615.0	448.55	4192.0	0.129698571	1.438192487	432.2974138	194.5405405	599.2200471	3803.094828	0.001516309	1.208560655	412.7	1464.0	0.0	37.0	1483.0	412.7	3593.0	1.111391206	8.213504333	126.2652839	189.762125	0.005626103	1.050456658	51.77492952	7198.0	42.29962291	1.0
7.0	seg2	452.5	3744.5	9988166.0	473.85	4551.0	0.057944037	1.413741419	466.9318386	194.0	479.7499833	3881.535874	0.000996459	1.394931133	451.55	2214.0	0.0	14.0	597.0	468.95	3913.5	0.96054778	4.338316061	82.76100903	162.1638896	0.004203125	0.924994573	18.37863845	2716.0	16.7391736	1.0
7.0	seg15	569.25	3557.5	9973320.0	569.25	3559.0	0.008916241	1.548530382	528.5997006	169.2307692	413.3524091	3362.661677	0.001063821	1.457873929	510.9	3106.0	0.0	13.0	595.0	532.7	3453.0	0.885984699	15.6823192	64.1354736	77.20954646	0.001329464	0.853566173	18.58236459	2200.0	16.03661322	0.0
7.0	seg13	508.15	3744.5	9975635.0	568.5	4195.0	0.035875113	1.558307172	524.9720253	216.625	381.5957987	3510.005063	0.000929445	1.581607899	484.65	2490.0	0.0	24.0	597.0	489.75	3130.0	1.145075988	19.34694577	85.46589073	299.5392379	0.002198607	1.134741566	35.84106495	5199.0	34.79537377	1.0
7.0	seg14	531.6	3459.0	9978898.0	551.8	3568.0	0.008916241	1.181067949	533.9003731	169.9	419.9858662	3399.731343	0.001096718	1.701148035	511.6	3149.0	0.0	10.0	590.0	540.25	3407.0	1.06698944	12.09123913	51.38406584	107.8383582	0.001520024	1.197021348	10.62961154	1699.0	13.60918428	1.0
7.0	seg11	488.1	3497.0	9991583.0	496.75	3792.5	0.008106161	1.322323409	486.9526178	207.4545455	294.2033025	3547.060209	0.000770138	1.022323888	476.65	3257.5	0.0	11.0	582.0	486.2	3606.5	1.454819136	4.183887446	137.7478592	105.7601322	0.001009982	1.303763702	13.22323409	2282.0	9.200914995	1.0
7.0	seg12	488.1	3497.0	9991583.0	496.75	3792.5	0.008106161	1.322323409	486.9526178	207.4545455	294.2033025	3547.060209	0.000770138	1.022323888	476.65	3257.5	0.0	11.0	582.0	486.2	3606.5	1.454819136	4.183887446	137.7478592	105.7601322	0.001009982	1.303763702	13.22323409	2282.0	9.200914995	1.0
7.0	seg17	510.7	3710.0	9989152.0	524.8	3783.0	0.032484688	1.397577291	498.8607895	205.5833333	168.5389133	3547.957895	0.000682161	1.005966101	485.9	2936.0	0.0	12.0	578.0	515.2	3571.0	1.448794492	7.603281936	110.8524477	104.7862188	0.002468493	1.3760873	15.3733502	2467.0	10.05966101	1.0
8.0	seg9	677.35	3977.0	9992708.0	682.25	4066.5	0.08225758	1.47458678	676.199435	215.7	237.9660403	3690.043785	0.002185163	0.858400797	655.7	2395.0	0.0	20.0	601.0	659.8	3935.5	1.167692544	5.992967996	174.2696338	233.552589	0.006850671	0.905575449	28.01714882	4314.0	15.45121435	1.0
8.0	seg8	664.3	3886.5	9976051.0	682.2	4044.0	0.042962652	1.355449541	674.0706997	260.6470588	150.3572047	3592.309038	0.000969762	1.326851672	653.4	2438.0	0.0	17.0	600.0	672.7	3507.0	0.964000764	4.530756825	160.1686382	148.1521981	0.00307226	1.121436322	21.68719266	4431.0	19.90277509	1.0
8.0	seg5	666.65	4092.5	9976069.0	682.0	4224.0	0.071214123	0.980341393	668.864321	225.6363636	299.7268164	3639.285185	0.001643625	1.686155232	662.2	2394.0	0.0	22.0	600.0	670.55	3431.5	1.168744589	2.795495377	189.8634962	232.6155457	0.00517884	1.127184243	20.58716924	4964.0	33.72310464	1.0
8.0	seg4	674.1	3651.0	9992713.0	681.7	4382.0	0.036627837	1.432678343	670.9193669	231.5666667	312.1237795	3936.375233	0.001469126	1.308356512	661.9	2883.0	0.0	30.0	601.0	673.7	4122.0	1.148267105	3.379188552	173.2060131	182.8430692	0.003155694	1.118992036	41.54767193	6947.0	36.63398232	1.0
8.0	seg7	664.3	3886.5	9976051.0	682.2	4044.0	0.042962652	1.355449541	674.0706997	260.6470588	150.3572047	3592.309038	0.000969762	1.326851672	653.4	2438.0	0.0	17.0	600.0	672.7	3507.0	0.964000764	4.530756825	160.1686382	148.1521981	0.00307226	1.121436322	21.68719266	4431.0	19.90277509	0.0
8.0	seg6	672.25	3501.0	9992700.0	679.7	4376.5	0.064665266	1.504741055	671.8184096	242.6	206.313455	3835.446623	0.002321743	1.398793533	662.5	2372.0	0.0	25.0	601.0	667.45	4185.0	1.144863474	2.324711533	145.1995753	254.6705378	0.005617332	1.006759019	36.11378531	6065.0	32.17225125	1.0
8.0	seg1	651.65	3751.5	9976043.0	654.2	4181.5	0.076858412	1.196310554	650.2720696	362.6818182	121.9110323	3915.561355	0.001273784	1.62477203	646.15	2614.0	0.0	22.0	600.0	653.2	4094.5	1.234395042	1.573479497	397.957809	171.0217015	0.004373452	1.265925333	25.12252164	7979.0	32.49544061	1.0
8.0	seg10	690.15	3792.0	9976040.0	697.0	4582.0	0.026418493	1.610662662	689.3948582	319.6153846	249.430355	3940.245567	0.000874463	1.747579007	679.2	3440.0	0.0	26.0	600.0	682.55	4450.5	0.791558748	2.934234777	231.2911718	204.6271671	0.001744953	1.027531561	40.26656655	8310.0	41.94189617	1.0
8.0	seg3	667.2	4315.0	9976047.0	672.8	4567.0	0.01651255	1.162974498	659.0244444	177.1818182	360.7775002	4206.411111	0.001642142	1.790070299	648.3	3885.0	0.0	11.0	600.0	664.8	4259.0	1.263687611	5.347576825	57.85640532	147.0488285	0.00254231	1.212749611	11.62974498	1949.0	16.11063269	1.0
8.0	seg2	667.5	4086.0	9976042.0	699.05	4703.0	0.04082858	1.69711629	674.8975681	199.9333333	326.2689692	4183.607977	0.001617899	1.346793702	661.55	2997.0	0.0	30.0	600.0	677.4	4090.0	1.079715827	10.11423634	90.23873827	179.4435451	0.003538929	1.120298969	49.21637241	5998.0	37.71022365	1.0
8.0	seg15	683.9	4110.0	9973498.0	693.8	4405.0	0.030625113	1.180448103	683.2239655	319.3333333	518.7926506	3963.074138	0.001398838	1.126445062	666.9	2862.5	0.0	12.0	598.0	669.4	3327.0	0.959158755	3.504337865	225.0128616	243.8964033	0.002814922	0.988488591	12.98492913	3832.0	11.26445062	1.0
8.0	seg13	683.85	3919.5	9976044.0	692.7	4549.0	0.044703975	1.412020909	682.9060606	213.4285714	360.9497941	4107.830303	0.001334406	1.820165879	672.4	3158.0	0.0	21.0	600.0	683.9	3846.5	1.091370771	3.45003761	154.3092905	177.2644505	0.003582212	1.072584312	28.24041818	4482.0	34.5831517	1.0
8.0	seg14	684.3	3979.5	9973491.0	685.35	4059.0	0.030625113	1.610464437	680.4079268	306.125	399.2869094	3784.908537	0.001479348	0.528740958	661.05	1267.0	0.0	8.0	598.0	665.9	1267.0	1.072089387	4.760909136	173.8319694	340.7791742	0.003234252	0.581471091	11.27325106	2449.0	3.172445751	0.0
8.0	seg11	692.5	3708.5	9992694.0	702.3	4438.0	0.036267563	1.635842466	690.9827586	211.0	231.5230311	3929.377395	0.001870071	1.407978625	683.4	3240.5	0.0	15.0	601.0	686.4	3240.5	1.026385419	4.709404427	62.86607079	205.5813247	0.00417758	0.977073499	22.90179453	3165.0	18.30372212	1.0
8.0	seg12	692.5	3708.5	9992694.0	702.3	4438.0	0.036267563	1.635842466	690.9827586	211.0	231.5230311	3929.377395	0.001870071	1.407978625	683.4	3240.5	0.0	15.0	601.0	686.4	3240.5	1.026385419	4.709404427	62.86607079	205.5813247	0.00417758	0.977073499	22.90179453	3165.0	18.30372212	0.0
8.0	seg17	691.4	3681.5	9976058.0	701.0	3864.0	0.047616188	1.479182493	691.6434397	259.0740741	337.7162434	3586.533688	0.001224225	1.121017312	682.5	2534.0	0.0	27.0	600.0	697.1	3822.0	1.125205154	3.073604386	147.6211174	136.0804234	0.003707248	0.910363311	38.45874483	6995.0	28.02543281	0.0
9.0	seg9	530.5	3433.0	9988221.0	534.2	4550.0	0.037976584	1.509671546	515.1	263.2	328.2106578	3744.771357	0.001104949	1.207056205	486.6	1569.5	0.0	20.0	595.0	486.6	4072.0	1.218501616	10.30410823	137.7738803	308.5959089	0.00291716	1.116540379	28.68375937	5264.0	21.72701169	0.0
9.0	seg8	502.8	3483.0	9974495.0	544.1	4219.0	0.023296307	1.433030841	519.4359189	225.5416667	438.3939053	3765.578759	0.000781809	1.430697566	497.5	3261.0	0.0	24.0	598.0	514.0	3623.5	1.010854552	12.68259808	110.6329533	194.4988832	0.001540147	1.003339076	32.95970934	5413.0	31.47534645	1.0
9.0	seg7	502.8	3483.0	9974495.0	544.1	4219.0	0.023296307	1.433030841	519.4359189	225.5416667	438.3939053	3765.578759	0.000781809	1.430697566	497.5	3261.0	0.0	24.0	598.0	514.0	3623.5	1.010854552	12.68259808	110.6329533	194.4988832	0.001540147	1.003339076	32.95970934	5413.0	31.47534645	1.0
9.0	seg6	513.8	3616.0	9988852.0	536.7	5005.0	0.036147472	1.645957372	513.0951456	291.7894737	510.7068629	3786.658981	0.001037262	1.32460855	501.4	3215.0	0.0	19.0	597.0	525.95	4279.5	1.218020446	7.90617814	205.1800237	277.7799079	0.002706243	1.183434009	29.6272327	5544.0	22.51834535	0.0
9.0	seg1	469.0	3816.0	9986277.0	482.4	4502.5	0.01924347	1.421988355	470.9682292	126.875	570.9311426	4122.822917	0.002071527	1.349808214	455.3	3581.5	0.0	8.0	595.0	480.2	3581.5	0.89268547	6.432606576	23.5034192	249.5121659	0.003084869	1.155586428	9.953918487	1015.0	8.098849287	0.0
9.0	seg10	562.75	3243.0	9992688.0	562.75	3830.5	0.063524467	1.640902029	525.766725	371.7272727	263.8593166	3418.478984	0.000734692	1.535119326	519.0	1703.0	0.0	22.0	601.0	524.85	3798.5	0.883147408	5.684870314	303.739265	232.760323	0.003034216	0.930938668	34.45894261	8178.0	30.70238652	0.0
9.0	seg3	493.65	3949.5	9982555.0	496.5	4025.0	0.030861603	1.411061015	489.7309816	323.1333333	221.0261616	3576.671779	0.000762963	1.923590316	447.4	2399.0	0.0	15.0	587.0	447.4	3798.0	1.241196209	6.158067151	314.0882193	232.4067382	0.001999041	1.262637416	19.75485421	4847.0	25.00667411	1.0
9.0	seg2	516.6	3696.0	9991429.0	538.9	4268.0	0.003752627	1.569245969	526.1252016	220.7333333	424.9657851	3831.268145	0.000630949	1.60228162	513.7	3527.5	0.0	15.0	599.0	523.9	3530.5	0.833486958	5.528725131	104.9261418	160.927152	0.000655519	0.861859479	21.96944357	3311.0	20.82966106	0.0
9.0	seg15	529.9	3566.0	9992664.0	539.05	4089.5	0.012068448	1.3460257	531.8031356	403.5	482.5903796	3635.082203	0.000494747	1.63615222	525.3	3106.0	0.0	22.0	601.0	526.65	3349.5	1.249300518	2.969688893	435.4959679	225.9036251	0.000743965	1.26718228	28.2665397	8877.0	32.72304439	1.0
9.0	seg13	524.65	3532.5	9992688.0	531.15	3846.5	0.051098835	1.545904877	522.5204595	267.9130435	326.4471039	3443.691466	0.00115209	1.577395399	514.55	2287.0	0.0	23.0	601.0	519.5	3412.0	1.165733278	4.071193789	161.3062905	208.7069501	0.003507799	0.849671965	34.00990728	6162.0	33.12530338	0.0
9.0	seg14	533.2	3475.0	9992667.0	538.25	4089.5	0.012068448	1.163153072	530.8870304	445.55	268.0985843	3599.623435	0.000503396	1.92411311	525.3	2962.5	0.0	20.0	601.0	533.65	3236.0	1.140049755	2.78850478	454.0073585	265.6556574	0.000954685	1.043236815	22.09990836	8911.0	34.63403598	1.0
9.0	seg11	528.85	3257.5	9976018.0	555.9	4310.0	0.010898283	1.492701074	537.3880634	301.5517241	252.3948697	3589.255426	0.000573732	1.395405758	525.6	2940.0	0.0	29.0	600.0	554.35	4310.0	0.783013984	8.307263731	124.1495602	367.2349451	0.000791206	0.918539946	41.79563007	8745.0	37.67595547	1.0
9.0	seg12	528.85	3257.5	9976018.0	555.9	4310.0	0.010898283	1.492701074	537.3880634	301.5517241	252.3948697	3589.255426	0.000573732	1.395405758	525.6	2940.0	0.0	29.0	600.0	554.35	4310.0	0.783013984	8.307263731	124.1495602	367.2349451	0.000791206	0.918539946	41.79563007	8745.0	37.67595547	1.0
10.0	seg8	644.6	3616.5	9989814.0	655.2	4462.0	0.020895881	1.545113451	644.0662722	213.3	413.450415	3653.840237	0.001087398	1.205461863	637.0	3093.0	0.0	10.0	595.0	637.5	3842.0	1.127752616	3.792067811	83.43600342	206.2061452	0.002273892	1.128780113	13.90602106	2133.0	9.643694902	0.0
10.0	seg5	641.1	4035.0	9985427.0	646.8	4550.0	0.032726836	1.677018177	638.334953	310.9333333	337.2264619	4082.294671	0.001024784	1.805578356	623.05	2993.0	0.0	15.0	591.0	632.8	4205.0	1.03672403	4.125434139	350.5142073	241.7725509	0.002311389	1.162989744	23.47825447	4664.0	23.47251863	1.0
10.0	seg7	644.6	3616.5	9989814.0	655.2	4462.0	0.020895881	1.545113451	644.0662722	213.3	413.450415	3653.840237	0.001087398	1.205461863	637.0	3093.0	0.0	10.0	595.0	637.5	3842.0	1.127752616	3.792067811	83.43600342	206.2061452	0.002273892	1.128780113	13.90602106	2133.0	9.643694902	1.0
10.0	seg1	681.2	4498.0	9976046.0	693.7	4557.5	0.035604923	1.215877433	683.4272472	300.6	221.3257335	3907.809925	0.001257837	1.692845572	677.6	3033.0	0.0	25.0	600.0	686.7	3958.5	1.142432388	3.157615665	319.2174024	237.7180621	0.00345701	1.109141403	29.18105839	7515.0	38.93544816	1.0
10.0	seg10	658.95	4108.0	9992694.0	660.35	4408.0	0.108375863	1.722935262	650.6465885	334.8888889	264.9292979	4017.801706	0.000922107	1.333821242	642.45	1745.0	0.0	18.0	601.0	646.65	3779.0	0.65870096	3.465818912	335.4954	286.0245942	0.005109882	0.94023079	29.28989946	6028.0	21.34113986	1.0
10.0	seg3	676.8	3759.5	9990235.0	701.7	4782.0	0.05709997	1.422196709	681.8407407	321.3333333	314.9918644	3998.337232	0.001307967	1.503511192	676.5	2867.0	0.0	24.0	599.0	701.7	4368.0	1.183210392	5.256169834	215.0647358	248.8039638	0.004232508	1.022185996	32.7105243	7712.0	33.07724623	1.0
10.0	seg2	693.45	3880.5	9976038.0	694.8	4288.0	0.010477334	1.596917925	689.8436027	309.3214286	343.2421467	3814.069865	0.000601606	1.623598438	684.9	3374.5	0.0	28.0	600.0	689.6	3641.5	1.131846988	1.950280254	242.1095641	216.1274542	0.000830873	0.90015428	43.11678397	8661.0	42.21355939	0.0
10.0	seg15	706.7	4306.0	9989050.0	710.2	4733.0	0.039747823	1.732528377	684.8838235	849.4285714	351.1644695	4164.459559	0.001307369	1.238018297	650.6	3187.0	0.0	7.0	597.0	655.7	4514.0	1.064071755	17.43064208	868.32019	304.9916039	0.003153372	0.465515787	10.39517026	5946.0	6.190091487	1.0
10.0	seg13	704.35	3989.0	9990562.0	707.85	4645.0	0.0364477	1.471194455	687.0487132	191.6875	344.6021307	3779.253676	0.002072867	1.038844131	663.6	2883.0	0.0	16.0	597.0	663.6	4645.0	1.132264796	13.28877145	78.24297093	274.6468984	0.003924879	0.899537466	22.06791682	3067.0	14.54381783	0.0
10.0	seg11	652.95	4208.5	9985854.0	653.65	4757.0	0.012548784	1.87712883	637.7779703	291.7	204.4429749	4022.413366	0.001483875	1.226229971	620.9	3208.5	0.0	10.0	593.0	635.5	4735.0	1.01564318	10.39719979	327.8665209	327.6988344	0.001925171	0.95295766	16.89415947	2917.0	9.809839769	1.0
10.0	seg12	652.95	4208.5	9985854.0	653.65	4757.0	0.012548784	1.87712883	637.7779703	291.7	204.4429749	4022.413366	0.001483875	1.226229971	620.9	3208.5	0.0	10.0	593.0	635.5	4735.0	1.01564318	10.39719979	327.8665209	327.6988344	0.001925171	0.95295766	16.89415947	2917.0	9.809839769	1.0
11.0	seg8	547.1	3270.0	9990137.0	562.6	3362.5	0.006424497	1.595931988	549.7633803	209.2222222	313.8912468	3271.302817	0.000690064	1.420750877	544.2	3102.0	0.0	9.0	597.0	558.3	3179.0	1.073502542	3.817521733	101.2296619	49.70169731	0.000919705	0.868758787	12.76745591	1883.0	9.945256137	0.0
11.0	seg5	559.25	3436.5	9974030.0	580.75	3685.5	0.026238367	1.716266516	568.594403	244.3333333	261.9099216	3414.651119	0.000779312	1.396966332	554.8	2398.0	0.0	15.0	598.0	558.4	3211.0	1.251561655	7.975037507	184.5518381	172.2391164	0.002086103	1.110781861	24.02773123	3665.0	18.16056231	0.0
11.0	seg7	547.1	3270.0	9990137.0	562.6	3362.5	0.006424497	1.595931988	549.7633803	209.2222222	313.8912468	3271.302817	0.000690064	1.420750877	544.2	3102.0	0.0	9.0	597.0	558.3	3179.0	1.073502542	3.817521733	101.2296619	49.70169731	0.000919705	0.868758787	12.76745591	1883.0	9.945256137	1.0
11.0	seg6	560.3	2803.0	9972986.0	579.95	3538.0	0.022395677	1.883472736	567.6844721	271.6875	322.9275219	3347.572981	0.000683705	1.396709345	547.15	2803.0	0.0	16.0	596.0	558.7	3440.0	1.010854727	5.285323935	123.6509705	94.29920293	0.001679973	1.112852386	28.25209103	4347.0	19.55393083	0.0
11.0	seg1	573.7	3551.0	9983892.0	576.2	3572.0	0.007745887	1.254018635	567.5909091	189.5	254.2067203	3451.512397	0.000705129	1.394697139	550.6	3331.0	0.0	8.0	591.0	573.6	3552.0	1.094823774	6.088719077	93.48338279	50.86864059	0.000960042	1.271102435	8.778130447	1516.0	8.368182832	0.0
11.0	seg10	560.75	3093.0	9973746.0	567.8	3575.5	0.029750826	1.42313411	560.2769333	241.65	451.3138027	3278.504	0.00080636	1.255033054	552.9	1886.0	0.0	20.0	598.0	559.0	3246.5	1.363924876	3.387628078	100.9998828	157.9954329	0.00197547	1.245226735	27.03954808	4833.0	22.59059497	0.0
11.0	seg3	556.3	3395.0	9990808.0	590.6	3613.0	0.003062144	1.314600891	554.6570707	397.2857143	255.6916003	3411.454545	0.000471066	1.718823186	547.8	1887.0	0.0	7.0	599.0	590.6	1887.0	0.7660618	5.962039434	437.8240569	208.4910142	0.000459226	1.144487195	7.887605348	2781.0	8.594115931	0.0
11.0	seg13	557.85	3034.5	9991880.0	561.0	3796.5	0.018734238	1.632100582	554.8791228	292.0714286	241.468762	3283.672807	0.000610977	1.533774621	533.15	2705.0	0.0	28.0	599.0	533.15	3000.0	0.73878174	2.544618209	249.6021914	177.0192131	0.001217395	1.179029651	44.06671572	8178.0	39.87814014	0.0
11.0	seg11	560.4	3093.0	9973594.0	570.25	3487.0	0.05740018	1.795487904	562.0646893	171.4285714	301.7291263	3088.99435	0.001856235	1.348583196	557.2	1389.0	0.0	7.0	598.0	562.95	3470.5	1.076921043	1.92422772	115.9882999	395.5152781	0.005728991	0.738717837	10.77292742	1200.0	6.742915982	1.0
11.0	seg12	560.4	3093.0	9973594.0	570.25	3487.0	0.05740018	1.795487904	562.0646893	171.4285714	301.7291263	3088.99435	0.001856235	1.348583196	557.2	1389.0	0.0	7.0	598.0	562.95	3470.5	1.076921043	1.92422772	115.9882999	395.5152781	0.005728991	0.738717837	10.77292742	1200.0	6.742915982	0.0
12.0	seg8	701.0	2849.0	9992699.0	708.4	3340.0	0.037766437	1.547748979	703.9054889	247.1	303.5955738	3052.801887	0.000875419	1.191443858	699.1	2003.0	0.0	30.0	601.0	702.75	3014.0	1.223587963	1.837298478	137.9663502	142.7156105	0.002740523	1.027904742	44.8847204	7413.0	33.36042802	0.0
12.0	seg5	704.25	3186.5	9992700.0	714.1	3309.0	0.013420199	1.196628539	706.0689304	210.5897436	236.4387449	3106.944822	0.000550026	1.666157338	701.2	2829.0	0.0	39.0	601.0	704.85	3144.5	1.286498744	2.648732666	69.35102092	63.33685261	0.000965348	1.226053096	45.47188447	8213.0	61.64782152	1.0
12.0	seg7	701.0	2849.0	9992699.0	708.4	3340.0	0.037766437	1.547748979	703.9054889	247.1	303.5955738	3052.801887	0.000875419	1.191443858	699.1	2003.0	0.0	30.0	601.0	702.75	3014.0	1.223587963	1.837298478	137.9663502	142.7156105	0.002740523	1.027904742	44.8847204	7413.0	33.36042802	0.0
12.0	seg6	702.75	3019.5	9976065.0	712.75	3580.0	0.076978504	1.770524616	705.7480936	298.7666667	327.6097388	3181.898614	0.000957807	1.51818228	701.5	1900.0	0.0	30.0	600.0	708.5	3201.5	1.228082537	2.067715587	197.3903333	186.1437072	0.003975253	1.003550083	51.34521386	8963.0	42.50910385	0.0
12.0	seg1	700.05	3488.0	9992700.0	704.95	3729.5	0.037826479	1.250228836	700.5952007	265.3666667	230.8472947	3435.973822	0.000947152	1.336119721	694.9	2381.0	0.0	30.0	601.0	700.2	3239.5	1.345373937	1.717525512	293.7091551	148.2227882	0.003172252	1.301710292	36.25663625	7961.0	37.41135218	0.0
12.0	seg10	702.3	3329.5	9992712.0	711.05	3578.5	0.039147403	1.741764873	705.9109215	350.5217391	266.9315169	3406.717577	0.000663576	1.652044645	700.5	2512.0	0.0	23.0	601.0	701.65	3495.5	0.872731902	2.236757842	231.2098357	114.8171494	0.002611186	0.982298436	38.3188272	8062.0	34.69293755	0.0
12.0	seg3	706.9	3767.0	9976056.0	709.55	3975.0	0.035366879	1.451906948	704.184622	233.2647059	328.1542398	3413.953608	0.001020697	1.600157973	698.5	1524.0	0.0	34.0	600.0	702.6	2954.0	1.138582231	2.439955301	113.0050438	305.3293607	0.002995709	1.002553783	47.9129293	7931.0	51.20505515	1.0
12.0	seg2	702.05	3738.5	9992708.0	708.15	3884.5	0.036089593	1.626463938	703.4339931	268.7931034	381.9513551	3521.414802	0.000639169	1.444495733	695.95	2399.0	0.0	29.0	601.0	702.55	3307.0	1.002975373	2.383156099	183.2083863	209.7632986	0.001931717	0.953686618	45.54099025	7795.0	39.00138479	0.0
12.0	seg15	697.7	3176.5	9992688.0	703.65	3488.0	0.047072951	1.470109731	697.4480936	322.9230769	376.1906528	3245.983536	0.000580266	1.732196134	692.8	1998.0	0.0	26.0	601.0	702.4	3423.5	1.169885653	1.896557967	264.486661	121.0044592	0.002143825	1.113664543	36.75274327	8396.0	41.57270722	0.0
12.0	seg13	703.6	3065.0	9976033.0	713.45	3458.5	0.025639486	1.312125989	707.3225507	334.44	223.7997219	3111.160473	0.00061415	1.572115654	701.1	2156.0	0.0	25.0	600.0	707.0	2915.0	1.262491997	3.472359177	336.310878	155.206531	0.001637865	1.253371786	31.49102373	8361.0	36.15866004	0.0
12.0	seg14	695.0	3306.0	9976048.0	705.0	3488.0	0.012279332	1.464237035	698.5235965	256.8709677	386.0776243	3297.670175	0.000494105	1.775211662	692.8	2623.0	0.0	31.0	600.0	703.7	3242.0	1.107007629	2.65668905	227.2204131	115.5551892	0.000813102	0.99635182	43.92711104	7963.0	51.48113821	0.0
12.0	seg11	700.75	3226.5	9976063.0	710.45	3592.0	0.060042029	1.505170449	706.2704188	413.9	192.6062547	3343.58726	0.001011205	1.51887792	699.75	1159.0	0.0	20.0	600.0	706.15	3487.5	0.924637877	2.202035811	364.0043233	176.4132651	0.004218745	1.093798427	28.59823853	8278.0	27.33980256	1.0
12.0	seg12	700.75	3226.5	9976063.0	710.45	3592.0	0.060042029	1.505170449	706.2704188	413.9	192.6062547	3343.58726	0.001011205	1.51887792	699.75	1159.0	0.0	20.0	600.0	706.15	3487.5	0.924637877	2.202035811	364.0043233	176.4132651	0.004218745	1.093798427	28.59823853	8278.0	27.33980256	0.0
13.0	seg8	627.7	3016.0	9973575.0	633.2	3493.0	0.015671911	1.421150716	625.7119048	123.8571429	99.32973013	3317.458333	0.001477921	1.011351382	617.15	2854.5	0.0	7.0	598.0	619.4	3106.0	1.069142593	3.608203664	50.1013259	107.3786008	0.00272166	0.891205619	8.526904296	867.0	5.056756908	0.0
13.0	seg5	661.0	3286.0	9974524.0	661.0	3689.0	0.054968478	1.470696145	639.2586854	178.4285714	269.0310675	3243.462441	0.00147195	1.708704788	610.4	2248.5	0.0	14.0	598.0	624.5	3251.0	1.226162326	10.4945227	90.50602554	204.3150626	0.004374364	1.051899057	19.11904989	2498.0	20.50445746	1.0
13.0	seg7	627.7	3016.0	9973575.0	633.2	3493.0	0.015671911	1.421150716	625.7119048	123.8571429	99.32973013	3317.458333	0.001477921	1.011351382	617.15	2854.5	0.0	7.0	598.0	619.4	3106.0	1.069142593	3.608203664	50.1013259	107.3786008	0.00272166	0.891205619	8.526904296	867.0	5.056756908	1.0
13.0	seg6	647.7	3066.0	9992684.0	666.65	3877.0	0.059501651	1.651154547	652.7151874	189.0882353	350.7825484	3525.04142	0.001133756	1.213810671	640.3	1219.0	0.0	34.0	601.0	650.6	3690.5	1.103560627	7.382003014	59.52405556	234.1522221	0.004021339	0.961524586	54.48810005	6429.0	38.84194146	1.0
13.0	seg1	639.2	3416.5	9976046.0	657.1	3642.5	0.025339258	1.270848029	639.9718037	208.64	359.0256969	3401.865297	0.000839977	1.428227213	630.45	2602.0	0.0	25.0	600.0	633.45	3461.0	1.06141297	5.641518061	107.8049473	99.44404441	0.002011863	1.109229983	30.50035269	5216.0	32.8492259	1.0
13.0	seg10	641.1	3492.5	9976029.0	656.4	3638.5	0.022996097	1.504885099	641.7648185	186.0277778	321.9688527	3394.039315	0.000889041	1.360888961	630.3	2410.0	0.0	36.0	600.0	630.3	2410.0	0.82985228	4.421175762	106.6573917	107.8545737	0.001836769	0.994210577	52.67097846	6697.0	46.27022466	1.0
13.0	seg3	646.8	3759.5	9992672.0	651.8	4023.0	0.124407085	1.456695554	640.0879795	213.8333333	392.6236012	3510.465473	0.00168759	1.144305028	601.4	1186.0	0.0	24.0	601.0	609.4	3439.0	1.185445165	8.931582325	122.4583928	301.487914	0.00747543	0.972298766	33.50399775	5132.0	25.17471061	1.0
13.0	seg2	642.9	3478.0	9976044.0	653.3	3613.0	0.04422361	1.527055641	644.9767361	190.7368421	303.2849901	3363.472222	0.000703304	1.605976036	635.5	2611.5	0.0	38.0	600.0	650.1	3437.5	1.296472063	4.131581077	76.04681496	131.3694793	0.00256487	1.20300339	56.50105873	7248.0	57.81513729	1.0
13.0	seg15	685.9	3689.0	9989663.0	688.75	3797.5	0.052897028	1.234954905	654.7757261	171.7894737	385.6915719	3525.441909	0.001076696	1.810338712	616.2	2840.0	0.0	19.0	597.0	618.0	3168.0	1.024099845	16.43703776	108.270022	167.5399975	0.003654011	0.986363499	22.22918829	3264.0	30.77575811	1.0
13.0	seg14	644.7	3702.0	9989663.0	654.7	3915.0	0.052897028	1.054339463	641.9679487	194.3333333	422.2388418	3351.769231	0.002018118	1.472330432	616.2	1803.0	0.0	6.0	597.0	645.2	3671.0	1.031128762	8.051570688	168.0722067	344.2410879	0.00645896	0.918830797	5.271697315	1166.0	5.889321727	1.0
14.0	seg8	485.6	4823.0	9971711.0	492.25	5506.0	0.033263284	1.45801482	476.7922	174.4	201.4985267	4461.322	0.001398115	1.120171573	457.65	2952.0	0.0	15.0	592.0	470.2	5506.0	1.031911547	7.538521499	113.8588098	345.3111473	0.003018988	0.840954117	20.41220748	2616.0	14.56223045	0.0
14.0	seg5	478.3	4725.0	9986064.0	493.35	5346.0	0.031582107	1.481580427	482.2043424	176.4090909	230.0432096	4806.116625	0.001264552	1.583195032	459.7	3744.0	0.0	22.0	591.0	469.3	4632.0	1.035531193	5.798502959	132.5298382	286.9821402	0.002562699	0.931834818	31.11318897	3881.0	31.66390063	1.0
14.0	seg7	485.6	4823.0	9971711.0	492.25	5506.0	0.033263284	1.45801482	476.7922	174.4	201.4985267	4461.322	0.001398115	1.120171573	457.65	2952.0	0.0	15.0	592.0	470.2	5506.0	1.031911547	7.538521499	113.8588098	345.3111473	0.003018988	0.840954117	20.41220748	2616.0	14.56223045	1.0
14.0	seg6	474.1	5284.0	9988421.0	478.2	5394.0	0.008046115	1.116987144	469.857554	260.0	356.820803	4672.316547	0.001495757	1.104268375	421.0	4075.0	0.0	5.0	580.0	421.0	4510.0	1.145281925	8.423711172	310.890656	365.1810209	0.001345485	0.236076718	4.467948577	1300.0	3.312805126	1.0
14.0	seg1	459.5	4487.0	9988370.0	468.6	5237.5	0.011347944	1.216704474	460.2694444	218.0	183.5850917	4435.57265	0.001338496	1.169844089	442.8	1940.0	0.0	12.0	597.0	442.8	5064.0	1.133447293	4.845629431	152.805878	358.6048327	0.001665201	0.995235574	13.38374921	2616.0	11.69844089	0.0
14.0	seg10	480.2	4432.0	9988542.0	496.05	5393.0	0.021074752	1.706169533	485.8008929	114.1538462	152.9638081	4758.908482	0.001965489	0.816366712	466.55	3520.5	0.0	13.0	597.0	469.9	4498.0	0.748211336	8.367089282	59.50188534	355.5257168	0.003136744	0.989619762	20.47403439	1484.0	8.980033829	1.0
14.0	seg3	466.1	4871.0	9987421.0	467.65	5494.0	0.008286298	1.29736859	461.0617647	164.2857143	379.1684769	4698.296791	0.001424888	0.705594687	453.1	4004.0	0.0	7.0	593.0	461.6	5395.0	1.305273767	3.42950051	69.16818702	273.2941991	0.001627276	1.087185924	7.784211539	1150.0	3.527973434	1.0
14.0	seg2	452.6	5271.0	9985086.0	473.3	5308.0	0.031884232	1.605858721	454.1765487	166.6	301.2469285	4735.889381	0.002474861	1.158220283	441.15	3807.0	0.0	5.0	591.0	473.3	5231.0	1.339517625	4.832530535	58.97287512	294.2922786	0.004731874	1.47868492	6.423434885	833.0	3.474660848	1.0
14.0	seg15	494.4	4504.5	9985576.0	494.5	4921.0	0.034466194	1.555674777	482.2293165	135.2222222	205.0748001	4404.946043	0.001265703	1.330712669	462.2	3030.0	0.0	18.0	591.0	463.1	4611.0	0.968683644	4.741718439	57.31087111	228.1922854	0.002632186	0.819857359	26.44647122	2434.0	21.2914027	1.0
14.0	seg13	477.7	4368.0	9982166.0	502.1	4804.0	0.076077819	1.140587213	492.5015723	170.0	323.3304617	4395.996855	0.001599845	1.284567674	467.45	1901.0	0.0	10.0	589.0	490.8	4092.0	1.235056554	8.818786444	57.12364756	316.7048775	0.006491949	1.165991328	10.26528491	1700.0	10.27654139	0.0
14.0	seg14	484.4	4115.0	9984773.0	490.0	4921.0	0.009486641	2.012864259	480.2610169	150.1666667	462.1813438	4396.889831	0.001581327	1.089266126	462.2	4115.0	0.0	6.0	589.0	463.1	4611.0	1.249726757	5.683813182	68.21558962	189.7795407	0.001811684	0.875365446	10.06432129	901.0	4.357064506	1.0
14.0	seg11	483.1	4323.0	9986477.0	486.55	4712.0	0.054217953	1.83285841	473.223743	175.125	277.4189745	4261.997207	0.002319619	1.57311553	405.9	3282.0	0.0	8.0	593.0	406.1	4310.0	0.618610879	11.94817968	77.89450283	187.2425011	0.005915765	1.364611555	12.83000887	1401.0	9.438693179	0.0
14.0	seg12	483.1	4323.0	9986477.0	486.55	4712.0	0.054217953	1.83285841	473.223743	175.125	277.4189745	4261.997207	0.002319619	1.57311553	405.9	3282.0	0.0	8.0	593.0	406.1	4310.0	0.618610879	11.94817968	77.89450283	187.2425011	0.005915765	1.364611555	12.83000887	1401.0	9.438693179	0.0
15.0	seg8	624.25	3251.0	9976047.0	630.85	3663.0	0.064845392	1.572350796	624.6088725	272.3928571	340.2954882	3357.242144	0.000886621	1.28077099	619.7	1993.0	0.0	28.0	600.0	628.4	1993.0	1.024378645	2.29843643	137.6025784	164.9734815	0.003764374	1.079883867	42.4534715	7627.0	33.30004573	1.0
15.0	seg5	629.75	3655.5	9976046.0	636.25	3796.0	0.022156839	1.493949237	630.053913	223.6857143	351.4530993	3278.145217	0.000667543	1.472608178	625.5	2669.0	0.0	35.0	600.0	629.1	3048.5	1.173161478	2.043419666	97.12204918	188.8675062	0.001625085	1.122267487	50.79427407	7829.0	48.59606988	1.0
15.0	seg7	624.25	3251.0	9976047.0	630.85	3663.0	0.064845392	1.572350796	624.6088725	272.3928571	340.2954882	3357.242144	0.000886621	1.28077099	619.7	1993.0	0.0	28.0	600.0	628.4	1993.0	1.024378645	2.29843643	137.6025784	164.9734815	0.003764374	1.079883867	42.4534715	7627.0	33.30004573	1.0
15.0	seg6	630.1	3255.0	9976030.0	634.65	3793.5	0.022035425	1.681740897	630.1621864	244.0	334.2957636	3439.541219	0.000769729	1.103663117	625.0	2820.5	0.0	31.0	600.0	633.25	3031.0	1.153143683	1.805600271	133.535763	163.1634835	0.001576986	1.015825784	50.45222691	7564.0	32.00623039	0.0
15.0	seg1	632.5	3839.5	9976046.0	636.15	3839.5	0.018372861	1.37359206	633.144714	229.5625	233.1428621	3441.829289	0.000642979	1.346900278	630.8	2953.5	0.0	32.0	600.0	634.7	3211.5	1.143374408	1.128052478	96.4371557	166.6465844	0.001386149	1.126499843	42.58135387	7346.0	40.40700835	1.0
15.0	seg10	626.85	3301.0	9976031.0	637.0	4216.0	0.021946679	1.234535341	627.9594388	1054.888889	356.8926089	3635.866497	0.000591305	1.630033744	617.4	2708.0	0.0	9.0	600.0	621.6	3715.5	1.056871196	5.997019435	1109.959058	279.6022052	0.001161506	0.847300528	9.876282725	9494.0	11.41023621	0.0
15.0	seg3	634.75	3912.0	9992697.0	641.35	3912.0	0.039209799	1.543078937	635.1131134	276.84375	296.3857606	3514.468697	0.000633484	1.163685585	631.3	2487.5	0.0	32.0	601.0	640.85	3639.5	1.295869759	1.624116903	149.6186786	196.353161	0.001793092	1.026990735	47.83544703	8859.0	34.91056756	1.0
15.0	seg2	635.7	3360.0	9976044.0	646.55	3876.5	0.047288777	1.29359288	637.3667235	291.5	336.5218388	3569.230375	0.000623993	1.60454971	629.35	2526.0	0.0	28.0	600.0	635.9	3402.0	1.013237435	4.183466871	225.6543571	143.8203824	0.002775729	1.083416603	34.92700775	8162.0	41.71829245	0.0
15.0	seg15	611.4	3167.5	9976062.0	619.65	3459.0	0.094806364	1.408826852	609.5896898	332.375	297.5254138	3178.741788	0.000774933	1.864973795	601.55	1432.0	0.0	24.0	600.0	610.6	3171.5	1.07356767	3.912601926	263.5611987	188.4925004	0.004534578	1.005868907	32.40301759	7977.0	41.02942348	1.0
15.0	seg13	607.0	3252.0	9992669.0	613.7	3610.0	0.023506455	1.634354851	608.1221715	194.5882353	337.9467244	3316.959854	0.000746305	1.472395882	598.9	2671.5	0.0	34.0	601.0	608.15	3407.5	1.259751581	2.298589948	65.2803361	132.6603518	0.001748562	1.052710509	53.93371008	6616.0	47.11666822	0.0
15.0	seg14	613.15	3453.0	9976061.0	613.25	3494.5	0.035574902	1.441073391	608.5882727	387.047619	302.4548559	3256.244545	0.00060192	1.816732121	601.55	2170.0	0.0	21.0	600.0	609.15	3398.5	1.047978295	2.53722984	301.2597677	136.3941596	0.001913734	0.982182264	28.82146782	8128.0	34.5179103	0.0
15.0	seg11	632.1	2661.0	9976049.0	633.75	3523.5	0.032484688	1.689466258	627.9725293	259.030303	229.5221827	3283.803183	0.000687432	1.445085052	620.85	2661.0	0.0	33.0	600.0	629.5	3327.5	0.834450752	2.903389734	199.6073466	125.8968839	0.00179881	0.940471906	54.06292027	8548.0	44.79763661	1.0
15.0	seg12	632.1	2661.0	9976049.0	633.75	3523.5	0.032484688	1.689466258	627.9725293	259.030303	229.5221827	3283.803183	0.000687432	1.445085052	620.85	2661.0	0.0	33.0	600.0	629.5	3327.5	0.834450752	2.903389734	199.6073466	125.8968839	0.00179881	0.940471906	54.06292027	8548.0	44.79763661	1.0
16.0	seg8	712.6	3655.5	9976032.0	720.9	4327.5	0.041969379	1.472331146	715.3728927	254.7407407	440.7128893	3943.921456	0.000942617	1.277769396	709.15	1847.0	0.0	27.0	600.0	719.0	4088.0	0.895400475	2.820332991	162.8941593	259.5724108	0.00252117	0.850755901	38.28060981	6878.0	31.94423489	1.0
16.0	seg5	707.3	4230.0	9974129.0	713.8	5000.0	0.045874865	1.463921844	706.5876543	204.125	206.7134636	4516.903292	0.001625672	1.328589375	697.2	2863.0	0.0	16.0	598.0	699.6	4485.0	1.246766568	3.335331128	73.0633287	211.3073725	0.00434952	1.101724302	21.95882766	3266.0	18.60025125	1.0
16.0	seg7	712.6	3655.5	9976032.0	720.9	4327.5	0.041969379	1.472331146	715.3728927	254.7407407	440.7128893	3943.921456	0.000942617	1.277769396	709.15	1847.0	0.0	27.0	600.0	719.0	4088.0	0.895400475	2.820332991	162.8941593	259.5724108	0.00252117	0.850755901	38.28060981	6878.0	31.94423489	1.0
16.0	seg6	713.25	3390.0	9976021.0	719.75	4379.0	0.082077454	1.761355803	715.0149485	257.4193548	356.4686758	3870.427835	0.000835242	1.494175383	709.55	2260.0	0.0	31.0	600.0	717.45	4207.0	1.109720933	2.248219777	166.5862688	286.3537149	0.003762867	1.167819643	52.84067409	7980.0	43.3310861	0.0
16.0	seg1	728.9	3946.5	9976003.0	730.95	4007.0	0.02425698	1.402299011	724.1358003	253.3103448	278.1379769	3685.583477	0.000772797	1.321308078	717.75	2816.0	0.0	29.0	600.0	723.0	3673.5	1.271520277	2.677440992	126.9198576	148.8170666	0.002103541	1.212478606	39.2643723	7346.0	35.6753181	1.0
16.0	seg10	718.3	3914.0	9976003.0	720.6	4303.5	0.075532873	1.578640624	713.3034805	271.2903226	213.5985716	3973.503396	0.000760948	1.380219966	703.3	2209.0	0.0	31.0	600.0	712.1	4296.5	0.670513911	4.046016216	111.806438	221.1186944	0.003485549	1.151693454	47.35921871	8410.0	40.02637902	1.0
16.0	seg3	732.8	4137.5	9976005.0	734.55	4544.5	0.037015911	1.429436303	725.0280977	259.9642857	297.4282481	4009.931937	0.000722963	1.530420327	718.35	2833.0	0.0	28.0	600.0	724.85	4196.0	1.218339759	4.294303762	367.9060349	304.8480888	0.002210296	1.155051803	38.59478017	7279.0	39.7909285	1.0
16.0	seg2	727.25	4103.5	9976009.0	741.35	4334.5	0.055148604	1.376363051	731.1032095	305.9259259	366.7540411	3998.609797	0.000668624	1.672307804	718.55	2791.0	0.0	27.0	600.0	730.2	3510.0	0.995025898	5.191658985	187.0281603	192.5059907	0.002541987	0.99269811	35.78543934	8260.0	41.8076951	1.0
16.0	seg15	731.15	3588.0	9976012.0	738.0	4658.0	0.022155509	1.619982683	724.0961538	237.12	429.717445	3938.700226	0.000816543	1.545536692	702.0	3248.0	0.0	25.0	600.0	706.2	4213.5	1.181662095	11.68918609	95.74285004	231.5782953	0.001490773	1.117192464	38.87958439	5928.0	35.54734391	1.0
16.0	seg13	728.65	3798.5	9976019.0	729.4	4276.0	0.026448514	1.466083112	719.4419277	217.8461538	320.3158934	3866.181928	0.001016658	1.432364588	708.5	3433.0	0.0	26.0	600.0	709.8	3522.0	1.031982987	6.592948483	80.73546547	180.4747999	0.002116969	1.019492343	36.65207781	5664.0	34.37675011	0.0
16.0	seg14	735.2	3840.0	9976008.0	738.0	4658.0	0.022155509	1.721160549	716.7362299	223.9545455	424.1456209	4050.703209	0.001085905	1.472652553	702.0	3525.0	0.0	22.0	600.0	721.7	4260.0	1.185817413	11.99742338	87.23612034	224.0470469	0.002061531	1.094970946	36.14437153	4927.0	29.45305106	1.0
16.0	seg11	722.8	4207.0	9976019.0	740.9	4664.0	0.043590513	1.752018959	717.3262172	311.3913043	446.230089	4169.011236	0.001156645	1.131235738	700.1	3054.0	0.0	23.0	600.0	717.05	4289.0	0.913670619	7.57548975	377.531665	219.3968341	0.003144041	0.910896429	38.5444171	7162.0	23.75595051	1.0
16.0	seg12	722.8	4207.0	9976019.0	740.9	4664.0	0.043590513	1.752018959	717.3262172	311.3913043	446.230089	4169.011236	0.001156645	1.131235738	700.1	3054.0	0.0	23.0	600.0	717.05	4289.0	0.913670619	7.57548975	377.531665	219.3968341	0.003144041	0.910896429	38.5444171	7162.0	23.75595051	1.0
17.0	seg5	532.0	2840.0	9980774.0	549.1	3304.0	0.004563194	1.585652806	534.8475	103.4	241.4416833	3017.525	0.00159974	0.142237082	515.4	2826.5	6e-05	5.0	564.0	515.4	2937.0	1.690994881	5.763006109	47.45840284	119.5166971	0.001421199	0.035054018	6.342611225	517.0	0.426711246	1.0
17.0	seg6	675.45	3260.0	9976064.0	715.55	3778.5	0.01627139	1.524784328	688.4182365	160.0526316	340.3993765	3346.407816	0.001758986	1.326890924	668.7	2791.0	0.0	38.0	600.0	710.55	3513.0	1.108777545	14.31839319	79.63631773	181.1799637	0.002271808	0.913446686	56.41702013	6082.0	47.76807326	0.0
17.0	seg1	680.5	3051.0	9990233.0	698.0	4383.0	0.022695887	1.391413834	686.1332039	193.5588235	544.8197377	3707.918447	0.001251757	1.359411977	677.45	3051.0	0.0	34.0	599.0	682.3	3770.0	1.124493359	3.781020134	159.8509137	293.6628506	0.001786171	1.076787535	45.91665654	6581.0	43.50118328	0.0
17.0	seg10	678.5	3377.5	9976071.0	694.7	3429.5	0.013689583	1.553155416	685.3707084	171.2413793	265.4299742	3083.619891	0.001510873	1.358814614	675.5	2780.0	0.0	29.0	600.0	694.7	3305.0	0.834576132	4.917790725	65.30951318	148.4222417	0.00195515	0.929354283	43.48835164	4966.0	36.68799458	1.0
17.0	seg3	674.95	3132.5	9987825.0	677.35	3775.0	0.020115288	1.731424074	667.4328431	154.2666667	337.2979391	3469.60049	0.001394873	1.125525493	652.5	2623.0	0.0	15.0	595.0	674.05	3489.0	1.343655635	5.80785732	72.34487509	181.4862992	0.002343764	1.153100149	24.23993704	2314.0	14.63183141	0.0
17.0	seg15	698.45	3162.0	9991048.0	704.7	3591.0	0.013509457	1.382159209	695.622807	160.1304348	453.4458879	3076.942105	0.001937231	1.506909397	680.0	2715.5	0.0	23.0	597.0	691.3	3211.0	0.887706377	4.374860865	43.69138083	172.607874	0.002388801	1.029408219	30.4075026	3683.0	31.64509734	1.0
17.0	seg13	701.65	3001.0	9990663.0	724.05	3490.0	0.013300108	1.827747379	688.8576177	125.8387097	431.6532911	3037.188366	0.001608145	1.62895385	645.6	2552.0	0.0	31.0	597.0	666.5	3002.0	0.945797814	20.38914584	41.3457751	153.7434478	0.001990942	0.870082415	54.83242136	3901.0	47.23966165	0.0
17.0	seg14	691.65	3069.5	9991060.0	700.0	3591.0	0.013509457	1.504977923	694.1303867	159.4285714	519.4772339	3082.002762	0.00226485	1.655770817	682.4	2715.5	0.0	14.0	597.0	698.4	3251.0	0.853147157	3.045331466	38.01763616	187.3602405	0.002720766	1.003360544	19.56471299	2232.0	19.8692498	0.0
17.0	seg11	689.95	3214.0	9990235.0	693.8	3305.0	0.023297706	1.719069786	689.7922185	201.5238095	234.7827886	3147.47351	0.000888145	1.497003108	685.9	2858.5	0.0	21.0	599.0	690.25	3135.5	0.786663995	2.079363254	118.0036521	84.62442505	0.001778183	0.95858022	34.38139571	4232.0	28.44305906	1.0
17.0	seg17	657.8	3031.0	9982185.0	659.6	3095.0	0.003482438	1.19309202	652.290566	136.6	374.0106769	2978.54717	0.001025366	1.528882125	641.3	2866.0	0.0	5.0	589.0	641.3	3021.0	1.444452406	4.030187252	43.21226678	72.86831274	0.001000625	1.501320391	4.772368079	683.0	4.586646376	0.0
18.0	seg16	640.2	2479.0	9976065.0	646.1	2702.0	0.029480636	1.377795093	631.9334635	260.1428571	328.60146	2509.085938	0.000746537	1.578339985	625.7	1977.0	0.0	21.0	600.0	630.75	2502.5	1.267824597	4.698178219	241.5285254	79.26743845	0.002225391	1.151234621	27.55590186	5463.0	29.98845971	1.0
18.0	seg5	628.25	2474.0	9975808.0	628.25	2693.0	0.004743605	1.530494471	617.5227113	225.8333333	448.517483	2536.205986	0.000567756	1.611924935	587.5	1571.0	0.0	18.0	598.0	596.1	1571.0	1.249601693	7.922740008	151.3081196	106.5647035	0.000609495	1.066695269	26.01840601	4065.0	25.79079896	1.0
18.0	seg4	656.75	2390.0	9992723.0	658.35	2745.0	0.011108442	1.85405381	608.7596037	174.25	338.8196518	2463.658537	0.000750073	1.610270405	557.1	1307.0	0.0	24.0	601.0	567.85	2525.5	0.987400366	36.92953027	101.5172935	161.0188296	0.001371846	0.994386506	42.64323764	4182.0	35.4259489	1.0
18.0	seg6	646.95	2530.5	9990229.0	646.95	2821.0	0.027981266	1.494887837	619.3378906	286.0	474.1322034	2534.525391	0.000669201	0.833260844	577.0	2335.0	0.0	12.0	597.0	624.95	2355.0	1.000703354	17.89491246	296.1427788	91.73916744	0.001830213	0.576031667	16.4437662	3432.0	8.33260844	1.0
18.0	seg1	631.5	2532.0	9992717.0	645.15	2656.0	0.017832483	1.312780882	636.2024784	334.8947368	337.178713	2462.838362	0.000576445	1.009302278	608.35	2334.0	0.0	19.0	601.0	641.75	2476.5	1.086791286	7.88416266	366.2213803	60.64353192	0.000962843	0.908855959	23.63005588	6363.0	17.15813873	1.0
18.0	seg10	614.2	2418.0	9992716.0	634.7	2671.5	0.006664665	1.481308136	618.7689286	363.5294118	581.7349224	2491.592857	0.000599699	1.162754232	574.05	2050.0	0.0	17.0	601.0	574.05	2492.5	1.191697708	9.211056449	232.1893402	98.754564	0.000725469	1.07660876	23.70093018	6180.0	17.44131348	1.0
18.0	seg3	651.2	2914.0	9992732.0	654.3	3498.0	0.081236866	1.849661961	604.875974	301.5555556	761.2330113	2662.419913	0.002114391	1.824070276	535.85	1546.0	0.0	9.0	601.0	574.2	2909.0	1.252786049	39.53260015	375.6830816	235.0041514	0.006934473	1.400000996	14.79729569	2714.0	12.76849193	1.0
18.0	seg2	624.6	2512.5	9992723.0	625.9	2826.5	0.005824077	1.48336507	617.2093368	245.3636364	356.9403117	2524.299302	0.000460563	1.454274804	602.25	2384.0	0.0	33.0	601.0	616.4	2826.5	1.299894928	6.08004482	131.1387191	78.13491805	0.000526064	1.250168705	47.46768224	8097.0	45.08251892	1.0
18.0	seg15	638.7	2486.5	9974183.0	638.7	2778.0	0.004683278	1.611467114	625.2804913	219.6666667	403.409699	2464.632948	0.000623719	1.299848581	582.0	2282.0	0.0	21.0	598.0	630.4	2282.0	1.089556163	13.10318534	93.51541762	78.59064524	0.000696454	0.863245438	32.22934228	4613.0	24.69712304	0.0
18.0	seg13	596.15	2524.5	9976062.0	655.8	2820.5	0.005824427	1.420406927	640.5735714	202.2727273	379.6058098	2525.352857	0.000557131	1.345022525	595.25	2378.5	0.0	22.0	600.0	655.4	2780.5	1.180840189	20.10536736	84.51214724	103.6875841	0.000655479	1.06023398	29.82854546	4450.0	26.9004505	1.0
18.0	seg14	621.6	2536.0	9976077.0	633.45	2608.5	0.00564429	1.810929281	625.075875	258.5714286	561.7682096	2429.63625	0.000711453	1.294950621	568.75	2282.0	0.0	21.0	600.0	569.85	2543.0	1.135494976	10.78128073	111.1065126	76.79251942	0.00083738	1.066031284	36.21858562	5430.0	24.60406179	1.0
18.0	seg11	642.0	2657.5	9976076.0	642.3	2858.5	0.041041191	1.535610524	619.6462107	278.5	391.9619979	2592.179298	0.000658691	1.497434391	612.35	1918.0	0.0	28.0	600.0	619.3	1918.0	1.003714187	5.945518034	204.3965826	67.66029811	0.002159311	0.8457197	41.46148415	7798.0	38.93329416	0.0
19.0	seg16	747.3	3058.0	9976055.0	753.15	3163.0	0.038426899	1.381810007	745.2744681	223.1212121	404.7836455	2874.257979	0.001010125	1.064270348	736.15	1967.5	0.0	33.0	600.0	743.2	2873.5	1.199635808	2.987206986	152.3435176	105.8533262	0.002745428	1.081791743	44.21792023	7363.0	32.99238078	0.0
19.0	seg9	753.1	2838.0	9992665.0	753.1	3029.0	0.036325428	1.675214628	744.5785839	545.3684211	300.1975561	2850.01486	0.000801894	1.399047411	734.2	1381.0	0.0	19.0	601.0	738.7	2688.5	1.187411703	3.607125938	620.5482532	92.79274803	0.002007388	1.089644479	30.1538633	10362.0	23.783806	1.0
19.0	seg4	755.2	2762.0	9992718.0	755.2	3253.0	0.055542212	1.466660208	748.0445217	223.8	259.3320958	2855.96	0.001174172	1.478429339	735.15	1878.5	0.0	35.0	601.0	752.7	3141.0	1.143136967	4.365795992	99.19434282	108.2165293	0.004028848	1.097783855	49.86644708	7833.0	48.78816819	1.0
19.0	seg7	740.7	2867.0	9976011.0	749.15	3098.5	0.03224257	1.386972396	744.0291971	220.5454545	285.171917	2782.823905	0.001084947	1.047548114	738.5	1877.0	0.0	33.0	600.0	744.3	2799.0	1.059839391	2.565504838	88.91255919	116.3314565	0.002331339	0.960022614	44.38311669	7278.0	32.47399154	1.0
19.0	seg1	748.75	3140.0	9976009.0	753.6	3240.5	0.023296307	1.554107705	746.1727434	268.8275862	236.4997748	2944.675221	0.001021605	1.045356212	739.6	1941.0	0.0	29.0	600.0	746.55	2963.0	1.291138128	2.673205718	142.2942296	124.4458116	0.002144052	1.045731576	43.51501574	7796.0	28.22461771	1.0
19.0	seg10	747.9	3148.0	9974148.0	767.6	3310.0	0.042872583	1.49898159	754.85	214.8214286	243.7442593	2960.157025	0.001659491	1.089437768	746.15	1965.0	0.0	28.0	598.0	747.8	2802.5	0.674425032	4.794771566	110.6931205	140.9419808	0.003741503	0.852949212	40.47250294	6015.0	28.32538197	0.0
19.0	seg3	747.65	3099.5	9976025.0	753.7	3374.0	0.06034224	1.449571619	749.8753484	313.3076923	300.935085	3057.066202	0.001122995	1.274484784	745.15	1663.0	0.0	26.0	600.0	749.55	3185.0	1.119469819	1.999043698	207.7859994	154.1930607	0.003420449	1.094404876	36.23929048	8146.0	30.58763482	1.0
19.0	seg2	752.1	3268.0	9976003.0	752.5	3591.0	0.084604299	1.621752284	746.6843154	225.6969697	368.202225	3148.985269	0.001137849	1.327205445	737.05	1932.0	0.0	33.0	600.0	743.25	3070.5	1.311086486	3.139347772	124.9473601	168.7487455	0.004346529	1.215568092	51.89607309	7448.0	41.14336881	0.0
19.0	seg15	735.1	2833.5	9976039.0	741.4	3089.0	0.050438333	1.764289765	734.7960106	239.46875	393.678604	2840.898936	0.001224655	1.307929174	728.7	2039.5	0.0	32.0	600.0	736.75	2865.5	1.119012179	2.163328107	134.6201309	121.3369444	0.003387851	1.056356239	54.69298272	7663.0	39.23787522	0.0
19.0	seg13	751.4	2163.0	9992680.0	755.0	3043.5	0.059831882	1.618452237	748.4115732	227.2580645	327.2092229	2794.905063	0.001224901	1.196620778	739.35	1051.0	0.0	31.0	601.0	752.95	2797.0	1.267308034	3.940303162	104.105385	133.2650171	0.003320785	1.001783166	48.55356711	7045.0	34.70200256	0.0
19.0	seg14	735.5	2806.5	9974876.0	742.8	3311.5	0.050438333	1.754087673	735.8180664	206.1875	372.8330968	2815.371094	0.001529921	1.47884927	728.7	1929.5	0.0	32.0	598.0	731.4	2901.0	1.007955065	2.704882657	99.5925368	148.2330931	0.004145317	1.06522608	54.37671787	6598.0	44.3654781	1.0
19.0	seg11	748.25	2801.5	9976055.0	762.05	3155.0	0.073251276	1.727161574	751.2054965	287.2068966	224.5653535	2866.716312	0.001032552	1.182310878	737.25	1728.0	0.0	29.0	600.0	749.9	3117.0	1.14732396	5.817852869	154.3369179	158.837071	0.004002552	1.021621359	48.36052407	8329.0	31.92239371	1.0
19.0	seg12	748.25	2801.5	9976055.0	762.05	3155.0	0.073251276	1.727161574	751.2054965	287.2068966	224.5653535	2866.716312	0.001032552	1.182310878	737.25	1728.0	0.0	29.0	600.0	749.9	3117.0	1.14732396	5.817852869	154.3369179	158.837071	0.004002552	1.021621359	48.36052407	8329.0	31.92239371	1.0
20.0	seg16	650.85	4215.5	9992691.0	668.1	4215.5	0.006124287	1.677729126	660.0935009	223.7428571	461.9681721	3788.256499	0.000791275	0.748912062	648.85	3484.0	0.0	35.0	601.0	665.25	3926.5	1.235884531	3.925791261	84.86159765	158.5362408	0.001146128	0.816588743	57.04279028	7831.0	24.71409803	1.0
20.0	seg9	630.25	3543.5	9971253.0	640.4	3969.5	0.024978984	1.895416472	632.5625	203.4	261.0006078	3798.552632	0.001687734	1.202144245	626.65	3121.0	0.0	5.0	596.0	636.3	3894.0	0.392139476	3.618997329	132.7678425	136.1373468	0.003909529	1.047291264	7.581665887	1017.0	3.606432734	1.0
20.0	seg4	541.4	3324.5	9990712.0	554.2	3769.0	0.037226058	1.450132026	546.7382409	220.75	325.6897673	3538.788719	0.000860259	1.060957394	539.3	2504.5	0.0	32.0	599.0	545.45	3519.5	1.251627354	2.850823361	94.76490435	101.6864255	0.002297116	1.117316194	44.95409282	7064.0	31.82872182	1.0
20.0	seg7	640.55	3953.0	9984546.0	641.6	4163.0	0.005584579	1.780904618	621.0944043	300.0	428.3914745	3892.075812	0.000839513	1.164138235	594.1	3671.5	0.0	13.0	593.0	604.3	4083.0	1.294750395	10.73010441	448.9393055	116.8576941	0.0010663	1.183297098	21.37085542	3900.0	12.80552059	1.0
20.0	seg1	497.4	3444.0	9984499.0	555.5	4551.0	0.020897136	1.441062286	519.0086294	268.2	368.9060648	3969.974619	0.001200262	1.154596157	435.8	3413.0	0.0	10.0	593.0	465.7	4308.0	1.330060994	25.69292469	182.1341386	226.4267843	0.002484681	1.287804839	12.96956057	2682.0	9.236769255	1.0
20.0	seg3	520.6	3490.0	9990237.0	536.75	4126.0	0.011228534	1.665851018	526.8665517	263.8571429	530.3339758	3825.206897	0.001193484	0.690727511	516.25	3456.5	0.0	7.0	597.0	534.75	3681.5	1.109017012	4.78664612	96.79261089	156.4406125	0.001771581	0.425331379	9.995106109	1847.0	3.453637554	1.0
20.0	seg2	503.9	4216.0	9972631.0	524.1	4321.0	0.015610928	1.702521935	507.6429268	246.2173913	318.7973072	4050.554878	0.000798479	1.180494611	493.6	3709.0	0.0	23.0	596.0	521.1	3792.0	1.205307604	8.42149051	97.34519483	128.4987372	0.001436426	1.066161532	37.45548256	5663.0	24.79038683	1.0
20.0	seg15	532.45	3775.5	9976030.0	573.5	4755.0	0.02557944	1.386400235	546.245	240.8333333	467.5161829	3851.378049	0.000922306	1.482897288	530.95	3047.5	0.0	24.0	600.0	573.5	4755.0	1.090409367	6.730014741	137.9453788	219.0505708	0.002002176	0.911860912	31.88720539	5780.0	32.62374034	1.0
20.0	seg13	574.15	3856.5	9990889.0	582.4	4220.0	0.015101477	1.698365292	574.6523256	378.0	447.6487138	3841.199612	0.000965194	1.360665761	519.2	2249.0	0.0	10.0	599.0	560.4	2297.0	1.227081718	8.384407105	364.4371612	270.6859421	0.00167735	1.106129563	15.28528763	3780.0	10.88532609	0.0
20.0	seg14	542.25	3581.5	9974429.0	608.65	4755.0	0.02557944	1.659262859	565.5874252	296.625	650.9471188	3909.471557	0.00087064	1.302554132	541.75	3209.0	0.0	16.0	598.0	594.4	4077.0	0.915121367	24.92154008	263.7885201	205.0139963	0.001864381	0.791420371	24.88894289	4746.0	18.23575785	0.0
20.0	seg11	665.2	4145.5	9970199.0	669.85	4218.5	0.042779946	1.47689985	625.3288835	266.5238095	380.2601415	3808.313107	0.001141355	0.796678192	521.25	2197.0	0.0	21.0	594.0	522.0	3440.5	1.206322492	25.19430242	228.5159992	233.245269	0.002441001	0.6593824	29.537997	5597.0	15.13688566	1.0
20.0	seg12	665.2	4145.5	9970199.0	669.85	4218.5	0.042779946	1.47689985	625.3288835	266.5238095	380.2601415	3808.313107	0.001141355	0.796678192	521.25	2197.0	0.0	21.0	594.0	522.0	3440.5	1.206322492	25.19430242	228.5159992	233.245269	0.002441001	0.6593824	29.537997	5597.0	15.13688566	1.0
21.0	seg16	782.8	3196.5	9992699.0	797.95	3844.0	0.056139298	1.585227765	783.0877778	248.6896552	293.6819264	3372.910185	0.001224833	1.590522611	773.35	2087.5	0.0	29.0	601.0	779.7	3453.0	1.243142588	7.135625473	177.4956948	226.0571738	0.003401081	1.154296899	44.38637742	7212.0	42.9441105	1.0
21.0	seg9	776.6	3090.5	9976030.0	780.9	3526.0	0.030142909	1.690898002	777.1219534	259.0322581	232.3089247	3012.473118	0.000878634	1.238422018	773.75	2286.0	0.0	31.0	600.0	780.45	3139.0	1.036404689	1.802842146	145.4376118	88.37444915	0.001810517	1.082600555	50.72694007	8030.0	35.91423852	0.0
21.0	seg4	795.35	3463.5	9976060.0	797.85	3659.0	0.045031522	1.539460529	790.6019862	210.35	229.9417045	3425.821244	0.000745018	1.362453449	782.5	2145.0	0.0	40.0	600.0	786.15	3321.5	0.973193119	4.5230676	98.99742291	122.2133696	0.002083461	0.997805384	60.03896064	8414.0	51.77323107	0.0
21.0	seg7	780.6	3118.0	9992685.0	781.4	3945.0	0.052716902	1.572118495	775.6614841	262.2258065	254.8011372	3215.980565	0.000922604	1.445619985	770.55	1498.0	0.0	31.0	601.0	777.0	3392.5	1.227421867	2.151486563	152.6898184	144.1260896	0.003350889	1.155265863	47.16355484	8129.0	41.92297956	1.0
21.0	seg1	766.0	3639.5	9992692.0	769.0	3663.5	0.020654458	1.261782551	764.2419039	315.2692308	173.3880193	3349.753559	0.000756693	1.858293854	759.7	2623.0	0.0	26.0	601.0	766.25	3191.5	1.14720532	2.275644377	235.9300842	129.40631	0.00137016	1.012113465	31.54456377	8197.0	44.59905249	1.0
21.0	seg10	771.75	3722.0	9992676.0	787.25	3778.0	0.034226012	1.487268151	776.2881651	268.4230769	166.7361876	3209.918349	0.0010732	1.178325788	768.35	2082.0	0.0	26.0	601.0	775.05	3292.0	0.773071988	3.416995306	151.5404033	229.8093364	0.002577002	0.830007463	37.18170378	6979.0	28.27981891	0.0
21.0	seg3	792.4	3227.0	9976043.0	796.2	3914.0	0.045274409	1.529837839	789.58821	284.862069	288.4552712	3566.043029	0.000889081	1.222011642	784.8	2536.5	0.0	29.0	600.0	788.15	3441.5	1.128543301	2.327830771	157.9985814	178.5898616	0.002889884	0.914008331	42.8354595	8261.0	32.99431434	0.0
21.0	seg2	772.1	3604.0	9992707.0	796.7	3916.5	0.063404383	1.659470201	777.2190641	314.0740741	211.0448627	3633.675043	0.000727539	1.7398119	757.95	2440.0	0.0	27.0	601.0	767.0	3504.5	1.220110716	10.56181994	276.4774196	153.3388944	0.003284158	1.106212465	43.14622523	8480.0	43.49529751	0.0
21.0	seg15	781.6	3365.0	9976031.0	791.9	3801.0	0.05956527	1.520697609	786.5677817	265.9677419	289.131379	3227.599472	0.001029793	1.547399046	780.6	1703.0	0.0	31.0	600.0	788.7	1703.0	0.962369996	3.035193454	194.8181175	203.4015461	0.003501336	1.040795402	45.62092828	8245.0	44.87457232	0.0
21.0	seg13	763.75	3587.0	9976028.0	792.35	3831.5	0.037166016	0.983333969	775.0181109	1161.142857	359.9365955	3348.127383	0.000753371	1.308402873	750.95	2429.0	0.0	7.0	600.0	784.9	3111.0	1.015526078	12.45859659	914.9898776	228.4893832	0.002252154	0.972796117	5.900003816	8128.0	6.542014365	0.0
21.0	seg14	785.6	3577.0	9976036.0	811.35	3801.0	0.05956527	1.564894456	790.4095321	264.2068966	290.0422787	3186.168111	0.000891842	1.419354778	780.65	1703.0	0.0	29.0	600.0	809.65	3155.0	0.926638451	8.079187357	200.0770172	179.3501347	0.003183649	0.918855567	43.81704477	7662.0	38.32257902	1.0
21.0	seg11	782.8	3341.5	9976062.0	806.65	3568.5	0.040558391	1.58039211	785.4476274	299.7857143	231.5168741	3343.862917	0.000883492	1.604944726	775.2	2239.0	0.0	28.0	600.0	780.9	3482.5	0.858251857	8.378954742	191.4609248	136.3022952	0.003027462	0.970432315	42.67058696	8394.0	41.72856289	0.0
21.0	seg12	782.8	3341.5	9976062.0	806.65	3568.5	0.040558391	1.58039211	785.4476274	299.7857143	231.5168741	3343.862917	0.000883492	1.604944726	775.2	2239.0	0.0	28.0	600.0	780.9	3482.5	0.858251857	8.378954742	191.4609248	136.3022952	0.003027462	0.970432315	42.67058696	8394.0	41.72856289	1.0
22.0	seg16	586.45	2408.5	9973498.0	588.6	2497.5	0.006484929	1.407196116	580.1799353	258.25	181.6311053	2383.825243	0.000600636	1.279824392	567.6	2016.0	0.0	16.0	598.0	582.8	2290.5	1.322914327	4.889187845	202.7114534	77.76727192	0.000896567	1.302621422	21.10794175	4132.0	17.91754149	0.0
22.0	seg9	509.3	2206.0	9976021.0	575.6	3025.0	0.011348625	1.740952999	564.3878641	213.2	157.7098027	2327.402913	0.001098933	1.707003713	503.3	2024.5	0.0	5.0	600.0	568.6	2378.0	1.308004242	14.83238452	148.0209445	158.0961184	0.001624044	1.432217708	6.963811996	1066.0	5.121011139	0.0
22.0	seg4	583.95	2601.0	9992678.0	591.7	2651.0	0.022335635	1.441654996	577.9294118	190.8	307.9084136	2469.75519	0.00071588	1.327259563	569.65	2042.0	0.0	40.0	601.0	576.15	2314.0	1.323254462	4.463782621	70.43352931	90.89658463	0.00144179	1.196406896	56.22454485	7632.0	50.43586338	0.0
22.0	seg7	567.5	2376.0	9975995.0	590.3	2676.0	0.028159712	1.382990349	569.6749071	236.7142857	243.8145667	2368.024164	0.000858628	1.352360058	515.65	1714.0	0.0	14.0	600.0	574.1	2519.0	1.101318919	10.14152983	188.1053013	91.87372891	0.00217511	0.906784885	17.97887453	3314.0	16.22832069	0.0
22.0	seg1	574.95	2628.5	9992673.0	579.0	2638.0	0.024317022	1.294675178	573.4395871	272.0333333	138.5710558	2459.375224	0.000732054	1.41703986	562.2	1855.0	0.0	30.0	601.0	562.4	1855.0	1.166941615	3.441823698	200.3096712	113.818201	0.002015387	1.126463397	37.54558016	8161.0	39.67711609	1.0
22.0	seg10	572.15	2087.0	9974001.0	574.3	2554.0	0.007625796	1.897938308	559.220354	237.4166667	286.352976	2312.634956	0.00118683	1.47016143	499.3	2069.0	0.0	12.0	598.0	543.6	2285.0	0.86393163	15.49619399	221.1636409	101.3663682	0.001355281	1.159010701	20.87732139	2849.0	14.7016143	0.0
22.0	seg3	569.35	2251.5	9976021.0	575.45	2871.0	0.01981387	1.679747857	530.2432961	209.1666667	337.941731	2332.692737	0.001568124	1.022679583	385.4	1735.0	0.0	18.0	600.0	567.6	2871.0	1.194093096	53.10024223	134.7718115	147.8054185	0.003051952	1.029620448	28.55571357	3765.0	16.36287332	0.0
22.0	seg2	307.3	1484.0	9976016.0	585.7	2768.0	0.019696151	1.459027077	488.6209746	142.2307692	395.2863904	2101.455	0.001783193	1.896296852	307.3	0.92	0.0	13.0	600.0	445.1	1585.0	0.807025545	84.23666354	58.32117089	314.2018966	0.003488923	0.830596102	17.50832493	1849.0	20.85926538	0.0
22.0	seg15	574.8	2281.0	9987834.0	587.1	2821.0	0.035184629	1.368855882	573.8	177.7777778	404.7030719	2397.110236	0.002068272	1.634915519	564.9	1731.0	0.0	9.0	597.0	587.1	2760.0	0.998142605	3.341727526	56.44638557	124.8513706	0.005287583	1.052447115	10.95084706	1600.0	11.44440864	0.0
22.0	seg13	577.7	2323.0	9976023.0	600.7	2554.0	0.012668868	1.771024946	570.8503195	207.0	294.1687447	2241.051118	0.001086544	1.772272674	553.35	1946.0	0.0	21.0	600.0	600.7	2205.0	1.05062165	7.617262776	107.3457032	106.8290433	0.001486172	0.858204374	35.42049893	4347.0	33.67318081	1.0
22.0	seg14	569.85	2342.0	9972915.0	590.25	2760.0	0.007355149	1.92622251	585.4796117	216.5714286	785.3058017	2368.966019	0.000725677	0.951323958	569.85	2237.5	0.0	7.0	598.0	588.35	2334.5	1.176488678	4.427562053	145.1055445	81.4819017	0.001302152	1.069631715	11.55733506	1516.0	4.756619792	0.0
22.0	seg11	576.25	2402.0	9992669.0	596.3	2821.0	0.027199039	1.780116591	577.3552163	250.7142857	238.6648466	2419.52799	0.000972983	1.532581956	566.4	1674.0	0.0	21.0	601.0	574.3	2466.5	0.833730922	7.635622712	163.3609938	137.6890925	0.002583396	0.862693994	35.60233181	5265.0	29.11905716	0.0
22.0	seg12	576.25	2402.0	9992669.0	596.3	2821.0	0.027199039	1.780116591	577.3552163	250.7142857	238.6648466	2419.52799	0.000972983	1.532581956	566.4	1674.0	0.0	21.0	601.0	574.3	2466.5	0.833730922	7.635622712	163.3609938	137.6890925	0.002583396	0.862693994	35.60233181	5265.0	29.11905716	1.0
23.0	seg16	566.15	3818.0	9992688.0	583.95	3849.5	0.059441609	1.742017607	555.5116906	241.862069	390.1638155	3605.334532	0.000924747	1.36907787	518.1	2079.0	0.0	29.0	601.0	534.6	3592.0	1.036750855	20.63668403	106.7810591	169.1035227	0.004244433	0.954366303	48.776493	7014.0	36.9651025	0.0
23.0	seg9	549.3	3876.0	9991048.0	571.05	3876.0	0.07980544	1.65926916	554.5892473	362.9473684	281.4512878	3659.924731	0.000791937	1.306714761	530.2	1775.0	0.0	19.0	599.0	558.1	3509.0	1.131559797	11.46019641	233.1674348	153.967871	0.004402364	1.118001109	29.86684487	6896.0	22.21415094	1.0
23.0	seg4	500.5	3432.0	9976017.0	511.75	3762.0	0.006004563	1.494408804	501.8636054	215.2432432	264.4717055	3423.634354	0.000438753	1.221675077	491.4	3119.0	0.0	37.0	600.0	503.65	3504.0	1.232209263	4.151132551	82.90000851	118.3564901	0.000535718	1.131752898	53.79871693	7964.0	42.75862769	1.0
23.0	seg7	528.8	2925.0	9978043.0	543.7	3640.5	0.022575803	1.5528961	525.4866883	270.75	360.3561518	3336.146104	0.000752344	1.270673737	436.5	2513.0	0.0	8.0	564.0	436.5	3088.0	1.129523892	19.63157807	155.6504784	170.6719125	0.001916599	0.949813895	10.8702727	2166.0	7.624042423	1.0
23.0	seg1	718.3	3489.0	9976030.0	719.95	3826.0	0.036355449	1.210531549	716.7510067	491.3888889	248.3510912	3467.71057	0.000633397	1.5720421	712.75	2916.0	0.0	18.0	600.0	714.2	3645.5	1.247897348	1.477079446	561.6905301	233.4347868	0.001932727	1.21866697	20.57903633	8845.0	25.15267361	1.0
23.0	seg10	528.3	3930.5	9990159.0	569.25	4224.0	0.056739718	1.537266221	551.5922303	295.2	239.6949109	3704.117916	0.001096548	1.338438352	522.35	1886.0	0.0	25.0	599.0	568.75	3361.0	1.1105335	14.2176385	184.6837387	291.2906754	0.003956498	1.003216679	36.89438929	7380.0	30.7840821	1.0
23.0	seg3	467.9	3707.0	9985844.0	485.4	3845.5	0.00888622	1.250840087	453.4811905	233.1538462	317.9322229	3499.161905	0.000938261	1.493341216	422.4	1956.0	0.0	13.0	593.0	448.0	3769.5	1.017419067	24.31452086	135.4454664	246.6462123	0.001257915	1.024370986	15.01008105	3031.0	16.42675337	1.0
23.0	seg2	728.6	3602.0	9976051.0	734.85	3950.0	0.019694968	1.506840778	723.3900175	269.5714286	334.1938498	3586.67338	0.000716882	1.588088417	715.5	3211.5	0.0	28.0	600.0	722.55	3337.0	1.258674797	4.709154597	185.4646674	169.787299	0.001290599	1.212904187	40.684701	7548.0	41.29029884	1.0
23.0	seg15	597.3	3274.0	9971029.0	605.8	4023.5	0.045006906	1.682036385	572.7358942	340.375	495.4620984	3701.870277	0.000817136	1.419052827	399.5	2938.0	0.0	16.0	594.0	400.8	3248.0	0.97393058	34.01311545	322.7118167	224.92702	0.002680037	1.029738882	25.23054577	5446.0	19.86673957	1.0
23.0	seg13	673.4	3133.0	9989452.0	684.5	3857.0	0.075592915	1.621767101	552.2678794	215.0	283.3194918	3504.246362	0.000862342	1.636320989	527.4	1614.0	0.0	30.0	597.0	532.0	3580.0	0.930868857	33.74399657	134.6796967	292.4766553	0.003722659	0.933568433	47.03124592	6450.0	45.81698769	0.0
23.0	seg14	597.9	3930.5	9980436.0	597.9	3937.0	0.016812778	1.717343774	560.7037594	418.2222222	591.6581315	3608.218045	0.000810247	1.391368491	399.5	2938.0	0.0	9.0	589.0	400.8	3248.0	0.832585209	35.78232283	397.3388912	209.4536501	0.001713951	1.038539687	13.7387502	3764.0	9.739579435	1.0
23.0	seg11	533.45	3485.0	9976040.0	549.8	3866.5	0.049957968	1.642033589	539.7284148	296.3103448	193.0402926	3561.611298	0.000528782	1.417256449	529.5	2834.0	0.0	29.0	600.0	529.65	3742.0	1.036437107	4.296338933	219.5476036	170.5561533	0.002574834	0.921499713	45.9769405	8593.0	38.26592412	1.0
23.0	seg12	533.45	3485.0	9976040.0	549.8	3866.5	0.049957968	1.642033589	539.7284148	296.3103448	193.0402926	3561.611298	0.000528782	1.417256449	529.5	2834.0	0.0	29.0	600.0	529.65	3742.0	1.036437107	4.296338933	219.5476036	170.5561533	0.002574834	0.921499713	45.9769405	8593.0	38.26592412	1.0
24.0	seg16	557.85	3134.0	9990858.0	563.8	4273.0	0.036865806	1.359056579	555.454026	174.25	234.4152688	3681.820779	0.001646544	1.790305015	547.2	2615.0	0.0	28.0	599.0	552.35	4223.0	1.154180349	3.253664304	94.95130331	299.2004346	0.00361694	0.962041993	36.69452764	4879.0	46.5479304	1.0
24.0	seg9	539.5	3189.0	9976039.0	550.7	4089.5	0.045211648	1.665484171	545.3757143	219.24	194.2900584	3521.109524	0.001096236	1.38482979	535.6	1238.0	0.0	25.0	600.0	539.55	4006.0	1.178772817	3.23293474	142.5597185	318.0781488	0.002965087	1.166714528	39.97162011	5481.0	31.85108516	1.0
24.0	seg4	553.2	3604.5	9992692.0	562.7	4430.0	0.072290603	1.416878069	553.1916667	275.4615385	224.8292711	3961.133681	0.002006303	1.683493538	544.8	2556.0	0.0	13.0	601.0	549.55	3874.5	0.949053984	4.783626618	207.1314459	255.6410069	0.006834954	0.846365119	17.00253683	3581.0	18.51842891	0.0
24.0	seg7	537.85	3826.0	9991176.0	542.6	4243.0	0.111024379	1.522044957	538.5318021	187.45	196.8559596	3688.298587	0.001836105	1.18766808	529.25	1848.0	0.0	20.0	599.0	537.1	1848.0	1.379197578	2.328099841	68.37164309	335.4969772	0.007452962	1.187465141	28.91885418	3749.0	21.37802544	1.0
24.0	seg1	536.5	3643.5	9992699.0	543.2	4983.0	0.059081357	1.395883905	533.4941309	282.3684211	355.9410886	4077.440181	0.002119515	1.232630146	525.4	2624.0	0.0	19.0	601.0	533.85	4161.5	1.204888664	3.41970757	319.530595	277.29015	0.006852665	1.072061017	25.12591029	5365.0	20.95471248	1.0
24.0	seg10	552.45	3996.5	9992683.0	561.7	4684.0	0.026358451	1.725786653	548.2372685	199.7857143	283.1349197	3956.799769	0.001196503	1.371534478	533.45	3279.5	0.0	28.0	601.0	546.15	3847.5	0.79727131	6.826480441	144.7335629	180.0623824	0.002559246	0.869648358	46.59623963	5594.0	35.65989642	0.0
24.0	seg3	553.1	3811.0	9976009.0	569.55	4322.5	0.027022158	1.65174761	559.2066784	226.4411765	365.3773665	3854.276801	0.000991314	1.429659197	540.1	3329.5	0.0	34.0	600.0	549.6	3508.0	1.086569836	7.284856667	193.9045675	260.2456963	0.001620179	0.959245578	54.50767113	7699.0	45.7490943	0.0
24.0	seg2	553.6	3850.5	9992695.0	557.95	4382.5	0.058664585	1.602950426	550.4907625	180.1818182	297.5911297	3814.354839	0.001323485	2.168739973	543.2	1371.0	0.0	22.0	601.0	544.6	3126.0	1.294208283	2.760202146	85.86791427	340.6385248	0.004250725	0.973278435	33.66195895	3964.0	43.37479946	0.0
24.0	seg15	574.8	3548.0	9976057.0	577.75	4454.0	0.022937432	1.356509771	571.5731518	194.3333333	291.1165841	3789.208171	0.002264898	1.57128839	567.05	3366.0	0.0	15.0	600.0	569.8	3696.0	1.122575297	1.837457214	102.905412	228.7510085	0.003798883	0.95534913	18.9911368	2915.0	20.42674907	1.0
24.0	seg13	571.4	1934.0	9976037.0	579.2	4417.0	0.071870309	1.493999668	569.5307823	181.2352941	250.853647	3867.931973	0.001283194	1.580825709	559.35	1863.0	0.0	17.0	600.0	570.0	3859.0	1.250614606	3.932987696	72.82215443	429.6398509	0.004410331	1.1547151	23.90399469	3081.0	23.71238564	1.0
24.0	seg14	574.2	4013.0	9992716.0	574.25	4454.0	0.022937432	1.554382392	570.3050847	229.0	294.9487101	3809.016949	0.002562796	1.257663903	567.05	3389.5	0.0	8.0	601.0	567.5	3884.5	1.218899917	1.263979609	123.1375537	249.8252565	0.004319192	0.789300079	10.88067675	1832.0	7.545983417	1.0
24.0	seg11	554.6	3601.0	9976051.0	564.7	5002.0	0.038546983	1.412588078	553.3429363	203.6818182	235.2728307	3923.393352	0.001666215	1.528880528	545.9	2280.0	0.0	22.0	600.0	557.3	4695.0	0.844520972	3.627083496	90.68332464	316.2767672	0.003760898	0.902504371	29.66434964	4481.0	30.57761056	0.0
24.0	seg12	554.6	3601.0	9976051.0	564.7	5002.0	0.038546983	1.412588078	553.3429363	203.6818182	235.2728307	3923.393352	0.001666215	1.528880528	545.9	2280.0	0.0	22.0	600.0	557.3	4695.0	0.844520972	3.627083496	90.68332464	316.2767672	0.003760898	0.902504371	29.66434964	4481.0	30.57761056	1.0
25.0	seg16	604.05	4095.5	9983354.0	621.35	4217.0	0.063948601	1.141570096	602.225256	152.2	312.3895675	3853.755973	0.001988957	1.447530777	523.6	2735.0	0.0	15.0	591.0	534.6	3912.0	0.93305699	24.45740168	52.97196024	278.9630677	0.005413737	0.9683351	15.98198134	2283.0	18.81790011	1.0
25.0	seg4	686.7	3130.0	9976070.0	704.4	4394.0	0.055719003	1.063888576	676.0214905	321.375	226.8945336	3762.676776	0.001121787	1.528340173	625.6	2717.0	0.0	24.0	600.0	704.4	3999.5	0.987773515	16.0933768	244.3797495	122.56787	0.003228256	1.215866532	24.46943724	7713.0	33.62348381	1.0
25.0	seg7	610.0	4062.0	9983981.0	610.1	4220.5	0.029062087	1.779229273	577.1792553	111.7142857	445.6014707	3710.893617	0.00192608	1.209051909	497.4	3050.0	0.0	7.0	578.0	503.25	3050.0	1.222802255	37.32776822	36.90850979	305.3426497	0.004065322	1.166184841	10.67537564	782.0	6.045259545	1.0
25.0	seg1	687.75	4173.0	9976056.0	690.55	4439.0	0.054461391	1.66617824	668.6874036	173.4545455	181.490151	3788.575835	0.002218701	1.622213797	622.25	2806.0	0.0	22.0	600.0	625.8	3205.0	1.207081071	15.78925506	85.2507379	210.1334076	0.004568527	1.269013057	34.98974305	3816.0	32.44427594	1.0
25.0	seg10	640.65	4425.0	9974955.0	654.05	4556.0	0.009516662	1.742698756	634.4115741	128.4285714	303.9927333	4093.865741	0.001592361	0.689721342	601.05	3834.0	0.0	7.0	578.0	611.1	3834.0	0.792175292	12.14102608	77.87566403	179.9840934	0.002090115	0.847745857	10.45619254	899.0	3.448606709	1.0
25.0	seg3	677.1	4136.0	9986607.0	679.2	4285.5	0.03521465	1.629479238	656.921124	140.625	270.4641247	3921.748062	0.00189607	1.612282467	614.6	2671.0	0.0	16.0	595.0	616.0	3694.0	1.1048343	15.29336882	65.97158479	231.6071167	0.004011385	0.875247254	24.44218857	2250.0	22.57195453	1.0
25.0	seg2	646.8	4050.0	9991219.0	688.45	4648.5	0.056979886	1.483558967	666.8069948	127.3571429	443.0321436	4211.072539	0.002146232	1.253393332	584.6	3141.0	0.0	14.0	595.0	586.8	3247.0	0.953331806	21.35317881	69.22717024	290.7960338	0.005148864	1.045386389	19.28626658	1783.0	15.04071999	1.0
25.0	seg13	639.65	3924.5	9973901.0	641.5	4055.5	0.005464153	1.652979523	626.0637755	154.25	334.3437348	3810.352041	0.000765075	0.965389894	582.4	3456.0	0.0	8.0	597.0	584.0	3456.0	1.437631064	17.07187773	42.61371342	156.3232873	0.000951963	1.360808317	11.57085666	1234.0	5.792339366	0.0
