Part_id	Sc_id	answer	Mean pose_Tx	Standard Deviation pose_Tx	Minimum pose_Tx	Maximum pose_Tx	Sum pose_Tx	Mean pose_Ty	Standard Deviation pose_Ty	Minimum pose_Ty	Maximum pose_Ty	Sum pose_Ty	Mean pose_Tz	Standard Deviation pose_Tz	Minimum pose_Tz	Maximum pose_Tz	Sum pose_Tz
1	seg2	1.0	-14.38471849865952	27.35345858882607	-72.1	28.2	-5365.5	60.15817694369972	8.890909832048305	29.3	76.5	22439.0	612.588471849866	14.771928347435024	554.7	654.8	228495.50000000003
1	seg3	1.0	4.647466666666664	19.87869043931773	-42.8	24.8	1742.8000000000004	21.116000000000028	9.2526355164353	8.5	44.5	7918.5	621.5298666666665	7.6715900991182355	602.9	641.9	233073.7
1	seg5	1.0	-31.37412398921834	43.09359060761036	-84.8	27.7	-11639.8	52.0129380053908	17.0180717245689	9.5	68.7	19296.800000000003	607.5857142857149	6.750935701485465	588.6	630.8	225414.3
1	seg6	1.0	-0.6685236768802217	22.0973116451534	-42.0	50.0	-240.00000000000023	55.18802228412256	21.09641340993142	23.6	119.7	19812.5	607.3487465181056	21.77226756493301	557.2	733.0	218038.2
1	seg7	0.0	-4.084591194968553	12.045502631186045	-42.0	13.3	-1298.9	53.09968553459121	19.633419555011905	30.9	119.7	16885.7	590.271698113208	9.150582564370149	557.2	616.9	187706.4
1	seg8	1.0	-4.084591194968553	12.045502631186045	-42.0	13.3	-1298.9	53.09968553459121	19.633419555011905	30.9	119.7	16885.7	590.271698113208	9.150582564370149	557.2	616.9	187706.4
1	seg9	1.0	-26.16861313868613	49.29289306619911	-114.2	19.1	-3585.1	67.67664233576645	31.336451251653536	35.9	145.6	9271.7	571.729927007299	45.183919956356256	489.6	647.2	78327.0
1	seg10	1.0	-13.088888888888889	31.83426304932529	-95.5	19.1	-1531.4	105.26837606837606	36.51287479188641	47.1	140.9	12316.399999999998	599.325641025641	35.445137946921086	507.3	648.8	70121.1
1	seg13	1.0	10.278683385579942	47.11863420985986	-75.2	68.9	3278.899999999999	72.99749216300935	33.69133159184653	15.8	128.7	23286.2	608.8282131661435	29.95225909187672	556.6	678.9	194216.2
1	seg14	1.0	-29.42684210526314	28.87291146288317	-76.8	4.7	-5591.1	84.65631578947364	31.84344660506697	32.8	124.0	16084.7	573.3894736842108	26.9752712241736	493.8	647.9	108944.0
1	seg15	1.0	-55.2591111111111	40.15439557077559	-113.6	1.6	-12433.3	102.0613333333333	38.69343863987508	32.8	149.3	22963.800000000003	578.2746666666668	20.7074463901274	537.4	647.1	130111.8
1	seg17	1.0	-18.0008	32.20084014473329	-69.0	23.6	-6750.300000000001	62.89253333333332	23.78775478228711	10.5	94.7	23584.7	622.2138666666664	19.32625212111467	579.7	674.8	233330.2
2	seg2	0.0	12.949066666666685	5.770499036382286	-2.6	19.7	4855.9	19.364	6.967269001074471	8.5	38.1	7261.500000000001	620.0893333333335	7.743945132955307	602.9	641.9	232533.5
2	seg3	1.0	2.582666666666662	14.563713567936205	-27.7	29.7	968.5	21.362133333333315	9.4640600580418	-4.8	36.6	8010.800000000001	627.5629333333335	11.546143341489492	605.6	654.1	235336.1
2	seg5	1.0	-1.330392156862746	9.857726035517066	-47.3	13.3	-271.40000000000003	51.569117647058825	17.654010742601372	35.3	145.6	10520.1	591.070098039216	9.833114221064758	567.7	647.2	120578.3
2	seg6	1.0	-21.11567164179104	38.82506855666187	-114.2	19.1	-2829.4999999999995	102.01567164179104	35.3823357026183	47.1	140.9	13670.1	590.6783582089553	42.70554573015656	489.6	648.8	79150.9
2	seg7	1.0	12.349382716049387	34.01720742291361	-88.5	48.2	2000.6	38.80370370370371	18.50220837299268	15.2	92.9	6286.2	605.5530864197532	17.533576863678068	546.5	644.3	98099.6
2	seg8	1.0	12.349382716049387	34.01720742291361	-88.5	48.2	2000.6	38.80370370370371	18.50220837299268	15.2	92.9	6286.2	605.5530864197532	17.533576863678068	546.5	644.3	98099.6
2	seg9	1.0	15.078399999999997	13.96251123926736	-18.2	48.2	5654.4	39.75813333333335	9.842440441724248	15.9	56.6	14909.3	606.5181333333337	8.892354272944573	583.8	632.7	227444.3
2	seg10	1.0	11.78921832884098	7.031238896044491	-13.2	22.8	4373.8	72.87897574123988	27.24380767500819	37.0	117.5	27038.1	635.6172506738543	38.88529782643268	582.2	744.5	235814.0
2	seg13	1.0	-76.84666666666665	42.02658074229797	-117.9	1.6	-23054.000000000004	115.846	35.1839246058007	32.8	149.3	34753.8	586.8983333333338	18.5460821708761	544.0	647.1	176069.5
2	seg14	1.0	-32.54545454545456	12.34122411562874	-60.8	5.5	-2148.0	75.21515151515152	18.57244001221558	43.8	138.0	4964.199999999999	544.0303030303029	24.38154399924173	494.7	615.0	35905.99999999999
2	seg15	1.0	-34.606976744186056	3.4318206808494063	-42.2	-28.0	-1488.1	84.1790697674419	14.903777547359564	66.3	138.0	3619.7	544.9558139534882	27.53442076134999	494.7	615.0	23433.099999999995
2	seg17	1.0	-34.58056338028167	13.284750962412014	-62.6	-3.9	-12276.1	59.80929577464789	21.41529921222529	11.2	91.7	21232.3	596.383098591549	17.77780057306392	555.1	636.8	211716.0
3	seg2	0.0	-4.106399999999996	20.28751370605411	-42.8	24.8	-1539.8999999999996	28.46560000000001	12.555301269716042	8.5	45.7	10674.6	617.3088000000005	8.217500181117535	593.0	635.2	231490.8
3	seg3	1.0	13.399466666666672	6.201032149211576	-2.6	24.8	5024.8	19.074933333333345	7.120173101516246	8.5	38.1	7153.1	620.6405333333332	8.216241459180438	602.9	641.9	232740.2
3	seg5	1.0	-1.4729805013927555	22.237692155391223	-42.0	50.0	-528.8000000000003	54.13927576601675	20.30164696940795	23.6	119.7	19436.0	614.0754874651811	19.510768706395623	557.2	733.0	220453.1
3	seg6	1.0	-0.800793650793651	8.412259534823542	-21.6	13.3	-201.8	49.40714285714286	15.976990789691204	30.9	87.3	12450.600000000002	591.1361111111113	8.387415315232337	567.7	616.9	148966.3
3	seg7	0.0	-15.539682539682538	32.898147483342086	-114.2	19.1	-1958.0	102.90873015873017	36.304617354334496	47.1	140.9	12966.499999999998	596.8968253968252	35.93594154441761	498.8	648.8	75209.0
3	seg8	1.0	-15.539682539682538	32.898147483342086	-114.2	19.1	-1958.0	102.90873015873017	36.304617354334496	47.1	140.9	12966.499999999998	596.8968253968252	35.93594154441761	498.8	648.8	75209.0
3	seg9	1.0	10.530337078651687	33.02241119996254	-88.5	48.2	1874.4	40.22584269662923	18.22279735361687	15.2	92.9	7160.2	606.0764044943822	16.8715772057451	546.5	644.3	107881.6
3	seg10	1.0	9.636799999999996	7.405812520806432	-18.2	17.6	3613.8	44.36320000000002	7.02166403069814	28.5	56.6	16636.2	605.6376000000005	7.220614902716622	590.5	622.4	227114.1
3	seg13	1.0	-88.60960000000001	32.88415648667303	-122.6	5.5	-11076.2	116.7504	30.69542148008396	43.8	158.1	14593.8	568.3152000000003	30.379582764745145	513.2	618.8	71039.40000000002
3	seg14	1.0	16.8812101910828	7.578438896966539	-7.8	30.0	5300.7	39.081847133757954	27.366634720972804	-18.2	80.5	12271.7	614.7519108280253	27.887446885668226	564.3	674.8	193032.1
3	seg15	1.0	9.330133333333343	17.463086362827035	-46.9	28.4	3498.8	49.065600000000025	31.192030872858105	-18.2	94.7	18399.6	619.9856	27.43119500325617	564.3	674.8	232494.6
3	seg17	0.0	14.762441314553987	39.556173852062976	-60.3	79.3	3144.3999999999987	45.52957746478871	24.24808241408857	-1.7	92.9	9697.8	598.8107981220652	29.76089417957223	521.2	650.7	127546.7
4	seg2	0.0	-31.37412398921834	43.09359060761036	-84.8	27.7	-11639.8	52.0129380053908	17.0180717245689	9.5	68.7	19296.800000000003	607.5857142857149	6.750935701485465	588.6	630.8	225414.3
4	seg3	1.0	-2.5891089108910874	10.0434590407384	-38.8	13.3	-784.4999999999999	50.5085808580858	16.03019198518051	30.9	98.3	15304.1	590.3811881188122	8.534361293077703	562.9	616.9	178885.5
4	seg5	0.0	-9.78409703504043	35.46203756528506	-84.7	22.8	-3629.9	87.86118598382754	23.872461046928304	37.0	117.5	32596.5	637.5536388140163	39.867624712743066	582.2	744.5	236532.4
4	seg6	0.0	-46.03749999999996	59.386254108870446	-114.3	54.6	-16573.5	85.9425	36.54185726860211	18.3	126.6	30939.300000000003	605.2019444444446	19.47400037649122	552.1	671.1	217872.7
4	seg7	0.0	-4.242412451361864	39.37208850105544	-75.6	54.6	-1090.3	62.675097276264566	24.6483249857152	18.3	105.8	16107.5	601.0859922178992	27.224916315270484	517.0	663.0	154479.1
4	seg8	1.0	-4.242412451361864	39.37208850105544	-75.6	54.6	-1090.3	62.675097276264566	24.6483249857152	18.3	105.8	16107.5	601.0859922178992	27.224916315270484	517.0	663.0	154479.1
4	seg9	0.0	7.037969924812037	20.09352255107038	-32.6	46.7	1872.1	64.51127819548869	23.29465605287736	30.9	129.1	17160.0	579.6526315789478	34.51704183856604	493.5	663.0	154187.59999999998
4	seg10	0.0	-11.23469387755102	31.01019944799208	-92.2	24.0	-550.4999999999999	93.71836734693876	46.15418557741037	45.7	190.7	4592.2	561.6489795918368	45.12172707311643	433.7	652.2	27520.8
4	seg13	1.0	-11.154133333333334	30.86825040256664	-69.0	23.6	-4182.800000000001	57.12266666666664	32.28420944603654	-18.2	94.7	21421.0	626.4725333333331	19.00852209533632	591.6	674.8	234927.2
4	seg14	0.0	-31.538378378378365	11.896551286212256	-50.6	-4.5	-11669.2	60.67783783783781	25.04381232691212	11.2	93.4	22450.8	610.58027027027	12.966506330289604	568.1	656.0	225914.7
4	seg15	0.0	-34.42264150943394	9.977115298527425	-50.6	-9.9	-12770.8	64.75067385444743	23.311974603694097	11.2	93.4	24022.5	607.0097035040432	15.953505987129052	565.0	656.0	225200.60000000003
4	seg17	0.0	2.151898734177213	21.848040266427	-45.7	39.3	679.9999999999995	79.14208860759494	30.106214412818986	36.7	129.5	25008.9	575.6813291139244	29.426086325933728	535.7	704.4	181915.3
5	seg2	1.0	-15.539682539682538	32.898147483342086	-114.2	19.1	-1958.0	102.90873015873017	36.304617354334496	47.1	140.9	12966.499999999998	596.8968253968252	35.93594154441761	498.8	648.8	75209.0
5	seg3	1.0	-73.30657534246576	36.72573895744442	-114.3	9.2	-26756.9	102.52136986301365	24.613080012719177	34.4	126.6	37420.3	613.0863013698631	39.71805674407563	552.1	744.5	223776.5
5	seg5	1.0	-10.21129032258064	11.46826061619085	-40.8	4.7	-1266.2	68.15564516129034	27.089291725637093	32.8	122.5	8451.300000000001	574.5782258064518	30.672096598626297	493.8	647.9	71247.7
5	seg6	1.0	-104.355871886121	13.98105642755804	-122.6	-32.7	-29324.0	135.60142348754448	9.684576913946886	95.4	158.1	38104.0	586.6501779359431	24.40881079553701	522.7	647.1	164848.7
5	seg7	1.0	-209.75	175.45	-385.2	-34.3	-419.5	509.0	371.0	138.0	880.0	1018.0	1686.4	1155.8	530.6	2842.2	3372.8
5	seg8	1.0	-209.75	175.45	-385.2	-34.3	-419.5	509.0	371.0	138.0	880.0	1018.0	1686.4	1155.8	530.6	2842.2	3372.8
5	seg9	1.0	17.056326530612257	8.442734515396026	-7.8	30.0	4178.8	29.17510204081632	22.59993842527724	-18.2	68.2	7147.9	605.6065306122448	24.313796331403736	564.3	661.2	148373.6
5	seg10	0.0	-25.462133333333338	30.88311134124208	-69.0	23.6	-9548.3	67.13706666666663	17.937476208454992	24.8	94.7	25176.4	621.060533333333	19.790827228345524	579.7	674.8	232897.7
5	seg12	1.0	-22.94432432432435	16.386406122897817	-59.5	23.3	-8489.4	52.28108108108106	19.713708193111604	21.3	87.9	19344.0	610.6805405405408	12.94421292919985	568.1	656.0	225951.8
5	seg13	1.0	-13.089743589743591	63.29874546037491	-104.8	57.2	-3063.0	75.79529914529911	49.19224822666954	23.4	145.7	17736.1	606.6512820512822	20.03001429643322	528.8	650.7	141956.40000000002
5	seg14	1.0	0.824864864864863	31.87944568862782	-60.8	53.8	305.20000000000005	46.65189189189189	27.49362302846889	19.0	102.2	17261.2	605.4027027027032	11.944017760492724	564.6	625.6	223999.0
5	seg15	1.0	7.065395894428167	25.985048242684595	-60.8	53.8	2409.3	47.93196480938417	30.78278080496852	19.0	102.2	16344.8	605.7768328445753	11.66879777792167	575.4	625.6	206569.9
5	seg17	1.0	-3.404643962848297	32.207513258898985	-50.4	55.6	-1099.6999999999998	77.42662538699689	21.21939726996344	41.0	110.5	25008.800000000003	574.0027863777088	21.28289968170424	476.6	622.9	185402.9
6	seg1	1.0	7.376266666666666	17.23692306442449	-42.1	24.8	2766.1000000000004	20.03440000000004	8.05651144354677	8.5	38.1	7512.9	620.9453333333332	8.203308167373015	602.9	641.9	232854.5
6	seg2	0.0	14.458133333333324	4.693732755731011	-1.8	29.7	5421.8	16.06506666666667	6.909030298256204	-4.8	36.6	6024.4	628.2117333333331	10.325314958661336	608.2	654.1	235579.4
6	seg3	1.0	-53.407547169811295	29.011324996984527	-84.8	27.7	-19814.2	60.069002695417815	14.115134345934024	10.1	68.7	22285.6	605.3894878706199	5.2289132427290905	588.6	630.8	224599.5
6	seg5	1.0	-23.66941176470588	31.3010581423448	-95.5	11.5	-2011.9	94.4011764705883	37.131700406613554	47.1	140.9	8024.1	591.8599999999999	38.228677871000265	507.3	648.8	50308.100000000006
6	seg6	1.0	13.664266666666665	12.046370537588835	-18.2	45.4	5124.1	40.70586666666669	8.980899300676343	21.2	56.6	15264.7	605.8976000000002	8.939626813985774	583.8	632.7	227211.6
6	seg7	1.0	12.97385444743935	6.087266633093411	-1.9	22.8	4813.299999999999	57.63908355795152	23.731266312133137	33.1	106.1	21384.1	615.3781671159029	22.01372600196506	582.2	678.2	228305.3
6	seg8	1.0	12.97385444743935	6.087266633093411	-1.9	22.8	4813.299999999999	57.63908355795152	23.731266312133137	33.1	106.1	21384.1	615.3781671159029	22.01372600196506	582.2	678.2	228305.3
6	seg9	1.0	-20.56361185983828	38.331084229660334	-90.0	22.8	-7629.0999999999985	91.27951482479789	20.83392580515328	37.6	117.5	33864.7	634.0978436657687	43.723688222658815	552.1	744.5	235250.3
6	seg10	0.0	-46.21416666666665	59.39834635160776	-114.3	54.6	-16637.100000000002	85.11749999999999	36.6212855435348	18.3	126.6	30642.3	605.0222222222225	19.560645171010417	552.1	671.1	217808.0
6	seg12	1.0	-8.200854700854695	41.16238427996326	-75.6	54.6	-1919.0	67.21282051282046	25.26018128817317	30.9	124.8	15727.8	592.2585470085478	36.89191697458613	493.5	663.0	138588.5
6	seg13	1.0	-68.56833333333333	40.77613064717588	-122.6	5.5	-8228.2	101.62916666666663	33.9696908921108	43.8	153.2	12195.5	563.8333333333335	32.88856268607	494.7	618.8	67660.0
6	seg14	1.0	17.09571984435798	8.251292857506966	-7.8	30.0	4393.6	31.10661478599221	23.73138088554643	-18.2	72.7	7994.4	607.0922178988322	24.77458252804477	564.3	661.2	156022.7
6	seg15	1.0	16.27801204819277	7.898899856284667	-7.8	30.0	5404.299999999999	41.36295180722892	28.281541423033104	-18.2	85.4	13732.499999999998	615.5301204819277	27.34291712405525	564.3	674.8	204356.0
6	seg17	1.0	0.9271604938271548	34.44733504840694	-60.3	57.2	150.19999999999982	51.59567901234567	21.54812686644764	16.3	92.9	8358.5	593.2567901234564	30.446779870973344	521.2	650.7	96107.6
7	seg1	0.0	-1.5037333333333311	21.55521497756143	-42.8	24.8	-563.9000000000003	24.760000000000048	11.765001204136498	8.5	44.5	9285.0	620.4045333333336	8.003762830624654	601.1	641.9	232651.7
7	seg2	0.0	14.221066666666658	2.4069918007523183	11.8	29.4	5332.900000000001	15.514133333333332	3.764378689180401	-4.8	20.3	5817.800000000001	626.0615999999999	9.314371267383894	608.2	654.1	234773.1
7	seg3	1.0	-4.338005390835581	24.248764334760946	-83.5	27.7	-1609.4000000000003	45.70646900269541	15.52827040824833	9.5	73.7	16957.1	611.0808625336933	10.580691630259055	584.4	641.1	226711.0
7	seg4	1.0	-26.42116788321168	49.0827476947225	-114.2	19.0	-3619.7	64.81970802919709	28.271663973957367	35.9	145.6	8880.3	571.3678832116785	44.827060932762166	489.6	647.2	78277.4
7	seg5	1.0	9.747733333333333	7.191712929631034	-18.2	17.6	3655.4	44.30346666666669	7.008993364401349	28.5	56.6	16613.800000000003	605.5952000000003	7.237614958902784	590.5	622.4	227098.2
7	seg6	1.0	-27.59329758713137	42.12754771872532	-103.1	22.8	-10292.3	95.15844504021447	19.81678181617612	37.6	121.8	35494.100000000006	632.7450402144776	44.6401700381008	552.1	744.5	236013.9
7	seg7	0.0	-37.8141592920354	56.82384444966324	-114.3	54.6	-12819.0	80.58997050147492	35.74507602287532	18.3	126.6	27320.0	607.4303834808259	19.107657814828503	552.2	671.1	205918.9
7	seg8	1.0	-37.8141592920354	56.82384444966324	-114.3	54.6	-12819.0	80.58997050147492	35.74507602287532	18.3	126.6	27320.0	607.4303834808259	19.107657814828503	552.2	671.1	205918.9
7	seg9	1.0	-12.487068965517228	38.84180233524721	-75.6	53.7	-2896.9999999999995	67.39568965517238	25.435094518107565	30.9	124.8	15635.8	582.762068965518	38.33336566629114	493.5	663.0	135200.8
7	seg10	1.0	-96.60594594594592	29.43877048874443	-122.6	5.5	-17872.100000000002	123.15567567567568	26.951718246437544	43.8	158.1	22783.8	579.9113513513514	30.51536840650396	513.2	620.5	107283.6
7	seg11	0.0	-32.54545454545456	12.34122411562874	-60.8	5.5	-2148.0	75.21515151515152	18.57244001221558	43.8	138.0	4964.199999999999	544.0303030303029	24.38154399924173	494.7	615.0	35905.99999999999
7	seg12	1.0	-32.54545454545456	12.34122411562874	-60.8	5.5	-2148.0	75.21515151515152	18.57244001221558	43.8	138.0	4964.199999999999	544.0303030303029	24.38154399924173	494.7	615.0	35905.99999999999
7	seg13	1.0	19.055056179775285	22.66551858797881	-16.6	79.3	6783.6	65.09943820224719	34.91514432241645	-1.7	113.7	23175.4	580.0589887640446	34.63455122133452	504.8	650.7	206501.0
7	seg14	1.0	0.6783783783783792	20.61576879225872	-45.7	38.7	225.9000000000002	77.51291291291288	28.993966156718205	36.7	129.5	25811.8	574.2933933933938	29.24380612357066	535.7	704.4	191239.7
7	seg15	1.0	-0.1416216216216194	18.40217371318788	-45.7	35.9	-52.40000000000009	76.52351351351354	26.29946076070517	36.7	129.5	28313.7	579.345135135135	33.25974257767325	535.7	704.4	214357.7
7	seg16	0.0	-96.0553672316384	29.97865506203402	-122.6	5.5	-17001.8	122.53220338983049	27.388366786978512	43.8	158.1	21688.2	578.7225988700566	30.66580657150408	513.2	620.5	102433.9
7	seg17	1.0	-13.070977917981084	43.44423936201428	-86.3	38.5	-4143.5	79.91451104100956	34.60097340260253	21.9	134.6	25332.9	568.646687697161	34.73928807152426	495.5	635.1	180261.0
8	seg1	1.0	13.786133333333323	9.555260735090153	-20.1	41.4	5169.8	32.617866666666664	10.886048599724132	4.8	61.2	12231.7	618.398933333333	8.1907361611898	587.0	640.3	231899.6
8	seg2	1.0	-14.47855227882037	27.5378768360723	-72.4	28.2	-5400.5	60.29624664879358	8.779010849108355	29.3	76.5	22490.5	611.9126005361932	14.733326630891836	554.7	654.8	228243.4
8	seg3	1.0	5.975466666666663	18.70891939108782	-42.8	24.8	2240.8	20.50720000000003	8.550064414572184	8.5	44.4	7690.200000000001	621.2581333333331	7.916779259830912	602.9	641.9	232971.8
8	seg4	0.0	4.214933333333329	13.331264143441995	-25.2	29.7	1580.5999999999997	20.85759999999998	9.38916763651958	-4.8	36.6	7821.6	626.2690666666666	11.659939527954489	605.6	654.1	234850.9
8	seg5	1.0	-29.97277628032346	42.826445184220766	-84.8	27.7	-11119.9	51.574932614555244	16.96243168320271	9.5	68.7	19134.3	607.9363881401624	6.752896705018256	588.6	630.8	225544.4
8	seg6	1.0	-0.0690807799442887	21.89654115959688	-42.0	50.0	-24.799999999999727	55.30083565459612	21.03640230987484	23.6	119.7	19853.0	606.6520891364903	21.918275399108467	557.2	733.0	217788.1
8	seg7	1.0	-3.5678456591639867	11.600617909115234	-42.0	13.3	-1109.6	52.12347266881028	18.707277900899207	30.9	119.7	16210.4	590.5556270096467	8.766757523086579	561.7	616.9	183662.8
8	seg8	1.0	-3.5678456591639867	11.600617909115234	-42.0	13.3	-1109.6	52.12347266881028	18.707277900899207	30.9	119.7	16210.4	590.5556270096467	8.766757523086579	561.7	616.9	183662.8
8	seg9	1.0	-26.051470588235297	49.6763199376046	-114.2	19.1	-3543.0	72.84117647058827	35.098708436494285	35.9	145.6	9906.4	572.0647058823528	45.88565796920032	489.6	647.2	77800.79999999999
8	seg10	1.0	-13.363478260869565	32.03981851556587	-95.5	19.1	-1536.8000000000002	105.29565217391304	36.82363700079031	47.1	140.9	12108.999999999998	599.8313043478261	35.54211553297787	507.3	648.8	68980.6
8	seg11	1.0	14.78498023715415	21.590100106948743	-88.5	48.2	3740.6	40.28181818181815	13.674079856989342	15.2	92.9	10191.3	609.7134387351779	9.632322543510211	546.5	644.3	154257.5
8	seg12	0.0	14.78498023715415	21.590100106948743	-88.5	48.2	3740.6	40.28181818181815	13.674079856989342	15.2	92.9	10191.3	609.7134387351779	9.632322543510211	546.5	644.3	154257.5
8	seg13	0.0	10.278683385579942	47.11863420985986	-75.2	68.9	3278.899999999999	72.99749216300935	33.69133159184653	15.8	128.7	23286.2	608.8282131661435	29.95225909187672	556.6	678.9	194216.2
8	seg14	1.0	-31.6161616161616	30.23329226241141	-86.3	4.7	-6259.999999999999	86.560606060606	32.55497547097093	32.8	136.4	17139.0	572.8262626262627	26.59340727087189	493.8	647.9	113419.6
8	seg15	1.0	-57.491880341880325	40.92697972137558	-114.5	1.6	-13453.1	103.62393162393158	38.738298259780336	32.8	149.3	24248.0	578.6534188034191	20.403006132723537	537.4	647.1	135404.9
8	seg16	1.0	10.834399999999992	5.3241903897838485	-5.5	18.2	4062.9	43.70800000000002	6.797182945897512	28.5	56.6	16390.5	605.1298666666669	7.17996945087899	590.5	622.4	226923.7
8	seg17	1.0	-19.489866666666668	32.03016834145933	-69.0	23.6	-7308.699999999999	63.96106666666666	22.39747316541657	12.1	94.7	23985.4	621.5773333333331	19.663842780313527	579.7	674.8	233091.5
9	seg1	1.0	14.392266666666671	0.873594220575103	11.9	15.8	5397.1	17.185600000000004	1.2392279747218968	14.5	20.3	6444.6	625.0496000000002	5.873101949282567	610.1	639.9	234393.6
9	seg2	0.0	-17.37413333333333	15.91091190291186	-44.2	30.2	-6515.3	42.520533333333375	18.33268061092601	18.9	70.6	15945.2	624.7069333333334	14.911824567399147	598.0	654.1	234265.1
9	seg3	1.0	11.05656836461126	5.4235897235405	-1.9	18.2	4124.099999999999	44.99061662198391	9.371644122607098	32.6	88.3	16781.5	604.375067024129	7.696261082303687	582.2	623.8	225431.9
9	seg4	0.0	-35.509422492401214	56.17201817188297	-114.3	54.6	-11682.600000000002	79.15288753799392	35.38994154822446	18.3	126.6	26041.3	607.3772036474163	19.939956909234144	520.9	671.1	199827.1
9	seg5	1.0	-84.83252032520328	35.42911736217253	-122.6	5.5	-10434.4	114.64959349593498	31.02725624215031	43.8	153.2	14101.9	567.8154471544716	30.212843961587048	513.2	618.8	69841.29999999999
9	seg6	0.0	-48.16190476190476	75.37898201558055	-385.2	-28.0	-1011.4	113.94285714285716	171.943400353634	66.3	880.0	2392.8	645.2095238095238	491.3911504763185	509.3	2842.2	13549.399999999998
9	seg7	0.0	16.910222222222234	8.713755789016426	-7.8	30.0	3804.8	25.96044444444444	20.71484899031026	-18.2	59.1	5841.1	605.0635555555556	25.26758143951393	564.3	661.2	136139.3
9	seg9	1.0	-33.124266666666685	22.217474754395973	-69.0	23.3	-12421.6	58.33013333333332	22.23144256787869	24.4	94.7	21873.8	614.7434666666664	15.436652615843306	579.7	670.8	230528.8
9	seg10	0.0	-28.747297297297287	12.664293526811363	-50.6	-4.5	-10636.5	59.77270270270266	24.83522641478785	11.2	93.4	22115.9	612.3705405405406	13.287485363129605	568.1	656.0	226577.1
9	seg11	1.0	-35.51474926253686	12.81512130577286	-62.6	-3.9	-12039.5	61.61061946902656	20.16563285849988	11.2	91.7	20886.0	595.7640117994098	17.947266325717464	555.1	636.8	201964.0
9	seg12	1.0	-35.51474926253686	12.81512130577286	-62.6	-3.9	-12039.5	61.61061946902656	20.16563285849988	11.2	91.7	20886.0	595.7640117994098	17.947266325717464	555.1	636.8	201964.0
9	seg13	1.0	3.847478991596652	40.55512243637529	-65.9	49.5	915.6999999999998	89.20294117647059	64.38146974721583	19.2	199.1	21230.300000000003	590.6411764705887	52.0352133708385	486.5	777.3	140572.6
9	seg15	1.0	-20.00220588235294	17.58672613963593	-47.0	17.4	-5440.6	78.00183823529409	18.985690149278746	37.0	100.9	21216.5	595.7231617647058	18.98217082213969	536.7	641.4	162036.7
9	seg16	0.0	-49.03846153846155	10.173397067329391	-62.6	-15.0	-3825.000000000001	66.6179487179487	15.407164031208003	43.6	91.7	5196.199999999998	588.1679487179487	16.3204566740227	562.8	625.0	45877.1
9	seg17	1.0	-18.69272237196766	37.35898158391917	-60.8	53.8	-6935.0	49.35714285714285	24.71069961362257	19.0	80.3	18311.5	595.649326145553	15.87563758776817	535.9	622.6	220985.9
10	seg1	1.0	-4.276533333333333	22.41595464504889	-48.8	41.4	-1603.6999999999998	46.144	12.060525582798345	27.2	61.8	17304.0	611.9080000000004	10.011648682076956	587.0	640.3	229465.5
10	seg2	0.0	-17.630213903743304	28.24847866723215	-76.0	17.9	-6593.700000000001	52.30641711229942	14.828753738271317	1.6	76.5	19562.6	605.0505347593582	16.123355936835985	554.7	654.8	226288.9
10	seg3	1.0	13.587200000000006	5.4578624778082085	-2.6	19.7	5095.200000000001	17.35706666666665	3.7143680569138766	8.5	37.0	6508.9	621.7221333333334	6.606309366725783	603.0	641.9	233145.8
10	seg4	1.0	-61.2912	43.67172818380326	-114.3	15.7	-22984.2	102.15920000000004	22.829708467112173	37.6	126.6	38309.7	621.0029333333335	44.06767422267205	552.1	744.5	232876.1
10	seg5	1.0	10.278683385579942	47.11863420985986	-75.2	68.9	3278.899999999999	72.99749216300935	33.69133159184653	15.8	128.7	23286.2	608.8282131661435	29.95225909187672	556.6	678.9	194216.2
10	seg6	1.0	-48.313875598086106	37.21148210927929	-112.8	1.6	-10097.6	98.08612440191382	37.67271357544654	32.8	149.3	20500.0	576.0894736842108	20.059726231167847	537.4	647.1	120402.7
10	seg7	1.0	-93.13416370106766	24.096736539313536	-117.9	-10.9	-26170.7	130.20747330960856	14.255007774138416	78.9	158.1	36588.3	586.030960854093	21.18876361063152	529.0	647.1	164674.7
10	seg9	1.0	-89.10234375000002	32.65181719876914	-122.6	5.5	-11405.1	117.0625	30.400408611563105	43.8	158.1	14984.0	568.7125000000003	30.130868204384683	513.2	618.8	72795.2
10	seg10	0.0	-42.57500000000001	52.359848101210325	-385.2	-28.0	-1873.3	102.26590909090912	119.5149609181397	66.3	880.0	4499.700000000001	597.1659090909089	343.4448387250867	494.7	2842.2	26275.3
10	seg11	1.0	-4.515053763440865	22.964324581657813	-45.2	47.8	-1679.6	92.294623655914	26.85030832442022	16.9	120.1	34333.6	555.0978494623657	28.5704081381705	504.8	664.1	206496.4
10	seg12	1.0	-4.515053763440865	22.964324581657813	-45.2	47.8	-1679.6	92.294623655914	26.85030832442022	16.9	120.1	34333.6	555.0978494623657	28.5704081381705	504.8	664.1	206496.4
10	seg13	1.0	-6.144444444444443	33.77609844310263	-83.5	38.5	-1824.9	81.04074074074067	27.482225479324285	26.3	130.1	24069.1	583.0747474747476	28.51543386256947	511.1	650.3	173173.19999999998
10	seg15	1.0	-19.04968553459119	39.3858263530318	-65.9	36.2	-6057.8	67.65314465408804	23.971926181017075	29.4	127.0	21513.700000000004	591.1921383647798	22.111214772097803	528.9	671.8	187999.1
10	seg16	0.0	3.658133333333333	18.01715868782373	-45.7	35.9	1371.7999999999995	73.74800000000002	22.322456017801144	36.7	113.0	27655.5	575.0111999999996	24.94170018048757	535.7	678.1	215629.2
10	seg17	1.0	10.680110497237589	26.15435254205058	-45.2	44.9	3866.2	52.74005524861874	23.79920893335114	14.6	93.5	19091.9	599.6941988950273	17.08957856791527	567.9	676.9	217089.3
11	seg1	0.0	0.060606060606058	30.120217551614665	-80.9	30.3	18.000000000000455	47.455892255892266	37.82251089762797	-6.2	116.7	14094.4	626.0306397306395	14.132122015278442	581.3	684.5	185931.1
11	seg2	0.0	-22.029679144385025	29.908278706591744	-74.8	28.2	-8239.1	56.599732620320886	7.611908411241461	33.3	69.3	21168.3	613.0227272727267	11.69042718420286	590.4	632.0	229270.5
11	seg3	1.0	-1.8357333333333383	21.56785887523892	-42.8	24.8	-688.4	36.27626666666667	11.5752585311181	11.9	51.3	13603.6	615.5640000000003	8.106031334753157	592.0	635.2	230836.5
11	seg4	0.0	14.84719999999999	3.535788289288072	11.8	29.7	5567.700000000001	14.630933333333338	4.678279220207171	-4.8	20.3	5486.599999999999	627.2042666666665	9.977531180719115	608.2	654.1	235201.6
11	seg5	1.0	-57.169786096256686	20.65905743166761	-84.8	-14.3	-21381.5	65.03155080213908	2.0946760247085128	59.2	70.6	24321.8	607.0163101604276	8.312356389016609	598.0	638.9	227024.1
11	seg6	0.0	-4.017886178861786	13.343872049634529	-28.9	22.3	-1482.6	53.367208672086704	15.864602689501917	11.0	95.6	19692.5	615.4875338753393	17.60857319647989	584.4	733.0	227114.9
11	seg7	0.0	-0.3969359331476305	21.447160347941733	-42.0	50.0	-142.4999999999999	55.232311977715895	20.848286382160687	25.4	119.7	19828.4	603.592200557103	22.19246642240644	557.2	733.0	216689.6
11	seg9	0.0	-0.936785714285714	8.075954412226919	-21.6	13.3	-262.29999999999995	49.08071428571427	15.515786414527131	30.9	87.3	13742.6	590.7421428571429	8.181521582698613	567.7	616.9	165407.8
11	seg10	0.0	11.959568733153636	6.279915688438904	-1.9	22.8	4437.0	52.777897574124005	21.248242594849177	33.1	106.1	19580.6	610.7811320754716	19.19208394234304	582.2	678.2	226599.8
11	seg11	0.0	-24.97331536388141	40.59818506101294	-101.3	22.8	-9265.100000000002	94.07951482479788	19.62136084429048	37.6	120.5	34903.5	633.3258760107822	44.36675959979773	552.1	744.5	234963.9
11	seg12	0.0	-24.97331536388141	40.59818506101294	-101.3	22.8	-9265.100000000002	94.07951482479788	19.62136084429048	37.6	120.5	34903.5	633.3258760107822	44.36675959979773	552.1	744.5	234963.9
11	seg13	1.0	-50.73412322274879	38.177323503861096	-112.8	1.6	-10704.9	99.10853080568717	38.22678799729692	32.8	149.3	20911.9	577.137440758294	20.885217137297925	537.4	647.1	121776.0
11	seg15	0.0	-32.54545454545456	12.34122411562874	-60.8	5.5	-2148.0	75.21515151515152	18.57244001221558	43.8	138.0	4964.199999999999	544.0303030303029	24.38154399924173	494.7	615.0	35905.99999999999
11	seg16	0.0	-54.24793388429751	54.86564220054543	-114.3	52.2	-19692.0	83.96749311294766	37.12485955186659	18.3	126.6	30480.2	604.9297520661162	18.652375876382223	552.1	671.1	219589.5
11	seg17	1.0	-34.77513513513512	9.928200517831971	-50.6	-9.9	-12866.8	64.63864864864871	23.274190398688205	11.2	93.4	23916.3	604.2254054054056	18.981521682314806	555.1	656.0	223563.4
12	seg1	1.0	11.1504	4.060114100202935	2.7	26.0	4181.4	46.0928	30.621359454254584	17.3	99.0	17284.8	637.7709333333336	14.791679929233494	595.8	722.3	239164.10000000003
12	seg2	0.0	10.6808	12.895576684532829	-20.1	41.4	4005.3	37.56746666666667	11.60380892561672	24.1	61.8	14087.8	617.2474666666666	7.822523905293539	587.0	640.3	231467.8
12	seg3	0.0	-17.954545454545443	27.89972721737766	-76.0	17.9	-6715.0	53.25882352941172	14.960304506104883	1.6	76.5	19918.8	605.7008021390373	16.45210271814979	554.7	654.8	226532.1
12	seg4	0.0	15.169066666666678	2.8252203092069736	1.0	19.7	5688.4	17.556799999999996	1.1231861347672214	11.9	19.3	6583.799999999999	622.3357333333332	6.308576421208054	603.0	641.9	233375.9
12	seg5	0.0	-6.017066666666663	15.376707126762293	-27.7	30.2	-2256.4	32.7256	15.712985223693172	-2.4	70.6	12272.100000000002	630.7536000000001	10.920673073274072	605.6	654.1	236532.6
12	seg6	0.0	-49.60916442048514	33.712938674531124	-84.8	27.7	-18405.0	57.40161725067385	16.73195685309481	9.5	68.7	21296.0	605.923180592992	6.355853605852668	588.6	630.8	224797.5
12	seg7	0.0	-9.193261455525606	30.56631397927054	-84.7	27.7	-3410.7000000000003	45.39784366576819	15.040290747008024	9.5	70.4	16842.600000000002	611.026954177898	10.521246692424803	584.4	641.1	226691.0
12	seg9	1.0	-3.121727019498606	22.82754716460406	-42.0	50.0	-1120.6999999999998	55.720891364902506	20.357714197305487	23.6	119.7	20003.800000000003	611.992200557103	21.497319788992183	557.2	733.0	219705.2
12	seg10	0.0	-0.936785714285714	8.075954412226919	-21.6	13.3	-262.29999999999995	49.08071428571427	15.515786414527131	30.9	87.3	13742.6	590.7421428571429	8.181521582698613	567.7	616.9	165407.8
12	seg11	0.0	-29.888888888888896	49.54780208402816	-114.2	19.1	-4035.0	106.7	31.19689443233448	47.1	145.6	14404.5	580.8081481481482	54.52015332693834	489.6	648.8	78409.1
12	seg12	0.0	-29.888888888888896	49.54780208402816	-114.2	19.1	-4035.0	106.7	31.19689443233448	47.1	145.6	14404.5	580.8081481481482	54.52015332693834	489.6	648.8	78409.1
12	seg13	1.0	-1.82417061611374	16.540988401480256	-92.2	24.0	-384.8999999999999	78.1554502369668	29.98548315690005	49.0	190.7	16490.8	563.6142180094786	33.03040085718905	433.7	652.2	118922.6
12	seg15	0.0	22.27641509433964	95.56351888595056	-1032.6	68.9	4722.6	71.2004716981132	71.58790183024466	15.8	863.1	15094.5	669.9617924528299	481.4557209431233	551.4	6785.1	142031.90000000002
12	seg16	0.0	-16.651923076923076	31.968611350610622	-95.5	18.7	-1731.8	102.03173076923078	37.25536426120683	47.1	140.9	10611.3	597.7124999999999	36.724498445284354	507.3	648.8	62162.1
12	seg17	0.0	-69.78888888888888	111.53005020515964	-385.2	-28.0	-628.1	168.17777777777778	252.5641294922397	66.3	880.0	1513.6	793.9666666666666	724.2237407505131	519.6	2842.2	7145.7
13	seg1	1.0	15.002933333333358	0.4042005222933569	13.4	15.9	5626.1	14.62239999999997	0.5939513784814373	13.1	16.6	5483.4	605.2501333333331	2.7552023486891555	598.1	611.3	226968.8
13	seg2	1.0	17.79493333333333	3.1790230672680253	11.5	29.6	6673.1	-1.160266666666668	6.749778855307463	-25.1	14.7	-435.1	639.6805333333336	16.47261063246773	595.0	676.8	239880.2
13	seg3	1.0	15.249728260869556	5.855817428185821	-5.8	23.2	5611.9	5.424728260869562	7.85482837053144	-6.1	40.8	1996.3	634.3491847826089	8.637497208744717	598.1	648.2	233440.5
13	seg4	1.0	11.608266666666664	3.9003399418797104	4.8	26.0	4353.1	40.53546666666666	27.741872962164766	17.3	99.0	15200.8	638.3682666666673	14.762886111085756	595.8	722.3	239388.10000000003
13	seg5	1.0	-15.425469168900818	28.926449581130644	-74.8	28.2	-5753.699999999999	60.526273458445	7.709032083025989	33.3	76.5	22576.3	615.0678284182304	11.513595407102066	590.4	654.8	229420.3
13	seg6	1.0	-9.142666666666669	25.204922129527706	-76.0	20.5	-3428.5	39.178400000000025	11.215443523998506	1.6	51.3	14691.9	609.0893333333335	13.384285047107385	562.6	629.8	228408.5
13	seg7	1.0	14.322400000000018	0.952683004291914	11.8	15.8	5370.9	17.132266666666666	1.2171875487733554	14.5	20.3	6424.6	624.7144000000002	6.333648183051114	608.2	639.9	234267.9
13	seg9	1.0	11.793600000000003	8.178789582817254	-14.6	29.7	4422.6	17.54453333333332	7.908136956044423	-4.8	36.6	6579.199999999999	626.4394666666664	10.346451358584524	608.2	654.1	234914.8
13	seg10	1.0	-18.178666666666665	16.217675076560422	-44.2	30.2	-6817.0	43.49573333333337	18.36448697338305	18.9	70.6	16310.9	624.2717333333333	15.342971496059324	598.0	654.1	234101.9
13	seg11	0.0	-2.6264150943396243	20.950224743377987	-81.3	27.7	-974.3999999999996	45.87978436657681	15.783439953727122	9.5	73.7	17021.4	611.1870619946098	10.634460322679626	584.4	641.1	226750.4
13	seg12	0.0	-2.6264150943396243	20.950224743377987	-81.3	27.7	-974.3999999999996	45.87978436657681	15.783439953727122	9.5	73.7	17021.4	611.1870619946098	10.634460322679626	584.4	641.1	226750.4
13	seg13	1.0	7.613389121338909	46.99761576587726	-68.0	68.9	1819.6	73.69330543933052	35.52977944132759	15.8	123.6	17612.7	607.3928870292885	32.79105258026899	556.6	678.9	145166.90000000002
13	seg15	1.0	-77.705047318612	41.26984569633164	-117.9	1.6	-24632.5	116.16940063091486	34.31491537204946	32.8	149.3	36825.7	586.7889589905368	18.297471111441283	535.6	647.1	186012.1
13	seg16	0.0	-0.3969359331476306	21.998151772803404	-42.0	50.0	-142.50000000000023	55.23955431754876	21.07188375627903	23.6	119.7	19831.0	606.9635097493035	21.85112147435987	557.2	733.0	217899.9
13	seg17	1.0	-56.21080332409966	27.86441290529708	-82.3	17.7	-20292.1	102.7670360110802	3.5621656585227206	84.6	107.1	37098.9	548.7144044321328	23.58024697410908	511.8	612.2	198085.9
14	seg1	1.0	-20.15695187165776	30.679983411872385	-74.8	28.2	-7538.699999999999	57.01417112299466	7.897541567832149	33.3	69.3	21323.3	613.9328877005345	12.057492121503378	590.4	632.0	229610.9
14	seg2	0.0	-2.901600000000001	21.529857657990533	-42.8	24.8	-1088.1	37.74400000000002	11.610411878998953	11.9	51.3	14154.0	613.5757333333337	10.541694888815975	569.5	635.2	230090.9
14	seg3	1.0	14.218666666666683	1.0491766083722782	11.8	15.8	5332.0	17.0784	1.1936890047244304	14.5	20.3	6404.4	624.2560000000001	6.835769451934438	608.2	639.9	234096.0
14	seg4	1.0	-4.069376693766934	13.303016749032514	-28.9	22.3	-1501.6	53.62953929539295	15.435080238073688	15.5	95.6	19789.300000000003	615.4317073170737	17.58797160912965	584.4	733.0	227094.3
14	seg5	1.0	-4.089028213166144	12.026867988012713	-42.0	13.3	-1304.4	53.19090909090911	19.67000514256034	30.9	119.7	16967.9	590.35078369906	9.244436996014231	557.2	616.9	188321.9
14	seg6	1.0	-29.958441558441542	35.6198191973118	-95.5	42.8	-2306.8	65.3220779220779	34.7928997958164	15.2	140.9	5029.799999999999	582.6740259740261	33.54681320184266	507.3	645.1	44865.9
14	seg7	0.0	14.470631970260223	20.650823182469622	-88.5	48.2	3892.6	40.23085501858733	12.884747027411628	15.2	79.6	10822.1	609.0750929368029	9.187947318129924	583.8	644.3	163841.19999999998
14	seg9	1.0	10.226399999999996	6.229942458803293	-17.8	17.6	3834.9	44.07573333333335	6.923646278916588	28.5	56.6	16528.399999999998	605.3514666666669	7.238938539746159	590.5	622.4	227006.8
14	seg10	1.0	-12.91159029649596	36.1196566445924	-84.7	22.8	-4790.199999999999	88.24555256064694	23.720415545336973	37.0	117.5	32739.1	636.6328840970349	40.7639566103236	566.1	744.5	236190.8
14	seg11	0.0	-63.51597796143248	49.287748669899415	-114.3	52.2	-23056.3	86.94986225895312	37.46278033527874	18.3	126.6	31562.800000000003	602.5779614325072	16.960726283524192	552.1	671.1	218735.8
14	seg12	0.0	-63.51597796143248	49.287748669899415	-114.3	52.2	-23056.3	86.94986225895312	37.46278033527874	18.3	126.6	31562.800000000003	602.5779614325072	16.960726283524192	552.1	671.1	218735.8
14	seg13	0.0	-92.83665480427052	24.60239351659932	-117.9	-9.8	-26087.1	130.04234875444843	14.599793550168842	76.8	158.1	36541.9	586.1903914590752	20.925960316058426	529.6	647.1	164719.5
14	seg15	1.0	-44.115625	61.320378491651326	-385.2	-28.0	-1411.7	103.21562500000002	140.0931500586641	66.3	880.0	3302.9	603.65625	402.3802391220741	494.7	2842.2	19317.0
14	seg16	0.0	-8.911952191235057	36.75561177000536	-75.6	54.6	-2236.9	62.111952191235055	26.41001139277752	18.3	105.8	15590.1	601.8422310756976	28.073693031744643	517.0	671.1	151062.39999999997
14	seg17	0.0	-35.55895196506552	12.695000244822102	-62.6	-3.9	-8142.999999999999	67.0572052401747	16.102276902567517	34.9	91.7	15356.1	589.9262008733622	18.18805966527484	555.1	636.8	135093.09999999998
15	seg1	1.0	5.969066666666665	8.981602109992528	-12.8	19.4	2238.4	24.18879999999997	7.335788612003488	8.4	38.4	9070.8	625.9426666666666	9.199695260653414	597.8	642.1	234728.5
15	seg2	0.0	10.876266666666666	4.271873522888472	1.8	26.0	4078.6	48.28346666666668	31.37517224359979	17.3	99.0	18106.3	637.5957333333334	14.743569280499509	595.8	722.3	239098.4
15	seg3	1.0	-3.351200000000001	22.371122872131387	-48.8	41.4	-1256.7000000000005	45.549600000000005	12.377540675486934	26.6	61.8	17081.1	611.8850666666668	9.99945816843203	587.0	640.3	229456.9
15	seg4	0.0	-13.123262032085565	30.328898857965264	-76.0	18.1	-4908.1	43.33930481283425	11.058458206840454	1.6	76.5	16208.9	605.5703208556149	16.09917297519618	554.7	654.8	226483.3
15	seg5	1.0	15.075200000000002	1.0848525061039416	12.9	18.3	5653.2	17.38880000000002	1.247240110537395	14.5	19.3	6520.799999999999	623.6816000000003	7.180711764163769	603.0	639.9	233880.6
15	seg6	0.0	6.305066666666662	11.953304745085724	-15.5	29.7	2364.4	20.034399999999984	9.19686703756593	-4.8	36.6	7512.9	625.1293333333332	10.873529611962352	605.6	654.1	234423.5
15	seg7	1.0	-17.014399999999995	15.670973782974258	-44.2	30.2	-6380.4	42.05306666666671	18.2300977487475	18.9	70.6	15769.9	624.9208000000001	14.692285300796469	598.0	654.1	234345.3
15	seg9	1.0	-54.90586666666666	21.76118422594589	-84.8	-10.1	-20589.7	65.11306666666671	2.050772845105528	60.4	70.6	24417.4	607.8162666666665	10.091711552666489	598.0	654.1	227931.1
15	seg10	0.0	-6.636657681940695	27.72107421089106	-84.6	27.7	-2462.2	45.5463611859838	15.282569620269546	9.5	73.7	16897.7	611.1477088948792	10.535894947839765	584.4	641.1	226735.8
15	seg11	1.0	-0.0690807799442887	21.89654115959688	-42.0	50.0	-24.799999999999727	55.30083565459612	21.03640230987484	23.6	119.7	19853.0	606.6520891364903	21.918275399108467	557.2	733.0	217788.1
15	seg12	0.0	-0.0690807799442887	21.89654115959688	-42.0	50.0	-24.799999999999727	55.30083565459612	21.03640230987484	23.6	119.7	19853.0	606.6520891364903	21.918275399108467	557.2	733.0	217788.1
15	seg13	1.0	-42.87250000000001	57.95921836731407	-114.3	54.6	-15434.1	83.63861111111113	36.30437964494532	18.3	126.6	30109.9	606.3958333333334	18.89232528994542	552.2	671.1	218302.5
15	seg15	0.0	5.005839416058389	12.496818669170374	-92.2	24.0	685.8	71.45109489051099	31.704132031208644	49.0	190.7	9788.8	574.0627737226276	28.42743356632421	433.7	652.2	78646.6
15	seg16	1.0	-1.673469387755101	8.674082331283191	-26.0	13.3	-492.0	49.69761904761904	15.42817772131413	30.9	87.3	14611.1	590.7183673469391	8.155637592814452	567.7	616.9	173671.19999999998
15	seg17	1.0	-101.63999999999996	22.574591191024048	-122.6	-14.7	-21852.6	126.9823255813953	22.903865098540383	43.8	158.1	27301.2	582.193023255814	28.39653430662563	513.2	620.5	125171.5
16	seg1	1.0	13.97599999999999	4.394585759773043	8.8	30.8	5241.0	16.28586666666666	6.792080700999429	5.3	28.0	6107.200000000001	631.3560000000001	6.257962181626437	609.3	641.8	236758.5
16	seg2	0.0	13.04053333333334	2.296817446429348	8.2	18.0	4890.2	18.72693333333335	2.62319803463042	8.4	24.9	7022.6	633.9477333333334	6.88721241593594	622.3	651.1	237730.4
16	seg3	1.0	-0.0632996632996652	30.06959435937138	-80.9	30.3	-18.799999999999727	49.37104377104377	38.54973048491211	-6.2	116.7	14663.2	626.5387205387201	14.148938963182152	581.3	684.5	186082.0
16	seg4	0.0	-16.41336898395723	29.554882924700063	-74.8	28.2	-6138.6	60.225133689839545	8.004194044894856	33.3	76.5	22524.2	614.9756684491979	11.205710034950943	590.4	654.8	230000.9
16	seg5	1.0	15.560800000000013	1.637179493315663	12.9	19.7	5835.3	17.55093333333334	1.0106594194990834	14.9	19.3	6581.6	623.3125333333335	6.684583476095491	603.0	641.9	233742.2
16	seg6	1.0	10.25626666666666	9.31552149527276	-14.6	29.7	3846.1	18.10479999999999	8.076453241367775	-4.8	36.6	6789.3	625.3631999999997	10.454117167891312	605.6	654.1	234511.2
16	seg7	1.0	2.5676712328767164	19.51330410367748	-42.0	50.0	937.1999999999998	50.17698630136992	19.763949932769453	25.4	119.7	18314.6	592.1805479452058	10.384703172153191	557.2	628.2	216145.9
16	seg9	1.0	-22.893181818181816	42.42976360853349	-110.1	13.3	-4029.2	63.194886363636336	20.97811974276132	35.9	145.6	11122.3	574.8039772727271	38.92422761654929	489.6	647.2	101165.5
16	seg10	1.0	-28.291780821917804	44.25601500307004	-114.2	19.1	-4130.6	100.9595890410959	34.080449902906764	47.1	140.9	14740.1	582.9691780821918	48.349562711496624	489.6	648.8	85113.5
16	seg11	1.0	10.000000000000002	30.839516936522354	-88.5	48.2	2050.0	41.19073170731709	17.48471002992208	15.2	92.9	8444.1	606.7882926829269	15.918519955475556	546.5	644.3	124391.6
16	seg12	1.0	10.000000000000002	30.839516936522354	-88.5	48.2	2050.0	41.19073170731709	17.48471002992208	15.2	92.9	8444.1	606.7882926829269	15.918519955475556	546.5	644.3	124391.6
16	seg13	1.0	-63.3698347107438	42.51017718659248	-114.5	1.6	-15335.5	108.46652892561978	37.98967557027981	32.8	149.3	26248.9	579.9677685950414	18.873628087084697	537.4	647.1	140352.2
16	seg15	1.0	-32.54545454545456	12.34122411562874	-60.8	5.5	-2148.0	75.21515151515152	18.57244001221558	43.8	138.0	4964.199999999999	544.0303030303029	24.38154399924173	494.7	615.0	35905.99999999999
16	seg16	1.0	10.941599999999994	8.429945201878043	-18.2	26.5	4103.1	43.75840000000003	6.908161557655316	28.5	56.6	16409.4	606.3421333333334	8.544093366114918	583.8	630.1	227378.3
16	seg17	1.0	-33.610723860589815	11.693028227431087	-50.6	-3.9	-12536.8	63.41849865951747	22.931417878014244	11.2	93.4	23655.1	601.9206434316354	17.54664339673438	555.1	636.8	224516.4
17	seg1	0.0	15.534666666666674	1.6139139451105262	12.9	19.7	5825.5	17.548800000000014	1.0151610184267976	14.9	19.3	6580.8	623.2869333333335	6.62370006835723	603.0	636.3	233732.60000000003
17	seg2	0.0	-1.2725333333333353	15.917903303583126	-27.7	29.7	-477.19999999999936	22.685333333333325	9.51989206288018	-4.8	36.6	8507.0	630.6117333333331	10.785616146619642	605.6	654.1	236479.4
17	seg3	0.0	-0.0155988857938707	21.602715232610915	-42.0	50.0	-5.60000000000008	54.86601671309192	21.259698452326244	23.6	119.7	19696.9	604.398328690808	21.97496163161392	557.2	733.0	216979.0
17	seg4	0.0	-15.539682539682538	32.898147483342086	-114.2	19.1	-1958.0	102.90873015873017	36.304617354334496	47.1	140.9	12966.499999999998	596.8968253968252	35.93594154441761	498.8	648.8	75209.0
17	seg5	1.0	-58.67024793388428	52.14874198984192	-114.3	52.2	-21297.300000000003	85.04214876033056	37.34456805784352	18.3	126.6	30870.3	603.6088154269977	17.23685843416461	552.1	671.1	219110.0
17	seg6	1.0	-17.64910714285713	37.30185507531695	-75.6	46.7	-3953.4000000000015	74.37098214285712	28.024460089734283	30.9	129.1	16659.1	579.5687500000005	39.77590919148082	493.5	663.0	129823.4
17	seg7	0.0	1.712244897959184	21.57771557061005	-92.2	24.0	83.9	87.86530612244896	48.36643949893612	45.7	190.7	4305.4	562.3448979591835	45.17861631268009	433.7	652.2	27554.9
17	seg9	1.0	10.84440154440154	46.510679613161365	-68.0	68.9	2808.7	72.1239382239382	34.561385799058975	15.8	123.6	18680.1	607.8196911196908	31.555342667602947	556.6	678.9	157425.3
17	seg10	1.0	-7.179797979797991	139.0702496558956	-1032.6	65.3	-710.8	87.55353535353537	95.46462067505736	35.4	863.1	8667.8	732.9444444444447	713.5959456024445	551.4	6785.1	72561.5
17	seg11	0.0	-10.770312499999996	11.722123576909764	-40.8	4.7	-1378.6	68.87109375000001	26.96516315180961	32.8	122.5	8815.5	575.3953125000002	30.53394335452504	493.8	647.9	73650.6
17	seg12	0.0	-10.770312499999996	11.722123576909764	-40.8	4.7	-1378.6	68.87109375000001	26.96516315180961	32.8	122.5	8815.5	575.3953125000002	30.53394335452504	493.8	647.9	73650.6
17	seg13	1.0	16.919112627986344	31.22832752755424	-60.3	79.3	4957.299999999999	51.14505119453924	28.70069895595783	-1.7	102.3	14985.5	586.8679180887368	35.104740324870185	506.9	650.7	171952.3
17	seg15	1.0	-23.52773333333333	36.19694983736738	-72.9	35.9	-8822.9	95.58933333333329	13.382200848722723	61.0	113.0	35846.0	570.8005333333333	28.17681221114664	527.3	678.1	214050.2
17	seg16	0.0	-107.8157894736842	11.83045118556026	-122.6	-32.7	-24582.0	134.25614035087716	10.732419611492263	95.4	158.1	30610.4	587.4179824561403	24.436564517198416	518.6	621.4	133931.30000000002
17	seg17	1.0	-20.567426710097703	39.24489776862767	-65.9	36.2	-6314.200000000001	68.80260586319216	23.60176509681102	29.4	127.0	21122.4	593.1625407166124	19.847532786574263	528.9	671.8	182100.9
18	seg1	1.0	-48.11051212938004	35.260289316775086	-84.8	27.7	-17849.0	56.85876010781673	16.862823671685117	9.5	68.7	21094.6	605.8978436657684	6.388381948635447	588.6	630.8	224788.1
18	seg2	1.0	-0.0025069637882999	21.3479874351492	-42.0	50.0	-0.900000000000091	54.80278551532036	21.00447871159005	25.4	119.7	19674.2	603.4601671309192	22.28903701380361	557.2	733.0	216642.2
18	seg3	1.0	-32.710427807486646	44.50395431963727	-107.2	22.8	-12233.7	96.61016042780749	20.423557842538727	37.6	122.0	36132.2	630.9518716577543	45.64533331805289	552.1	744.5	235976.0
18	seg4	1.0	-13.924800000000005	31.758335781754475	-69.0	23.6	-5221.800000000002	59.20586666666664	29.096835433580925	-12.7	94.7	22202.2	625.169333333333	18.67497272346661	591.6	674.8	234438.5
18	seg5	1.0	20.0	22.023116047676773	-30.5	79.3	7120.000000000001	62.8508426966292	35.575971476276976	-1.7	113.7	22374.9	583.2443820224713	32.44769251175197	506.9	650.7	207635.0
18	seg6	1.0	-33.46103896103894	49.05401913937077	-85.7	50.7	-10306.0	90.05746753246754	35.16213710505095	30.3	124.5	27737.7	557.4357142857145	22.07501431386464	456.3	612.2	171690.2
18	seg7	1.0	13.994413407821227	26.42587021906148	-83.6	50.7	5010.0	54.93184357541893	21.286821334408227	30.3	120.1	19665.6	581.5678770949727	35.63701392393956	456.3	777.3	208201.3
18	seg9	1.0	13.19407665505227	29.90513572305488	-62.3	49.5	3786.7	82.16968641114981	60.47899356774933	19.2	199.1	23582.7	593.4466898954703	44.44353401254274	501.7	777.3	170319.2
18	seg10	0.0	2.4802281368821286	28.21651332611019	-58.1	50.7	652.2999999999997	91.52319391634975	28.52074213628077	40.6	146.8	24070.6	600.9923954372622	35.44936971080105	533.7	776.3	158061.0
18	seg11	1.0	27.975932203389824	8.840829610324667	12.6	50.7	8252.9	36.75898305084748	41.87094027656629	-17.7	146.8	10843.9	620.8857627118642	30.26536310833372	570.6	776.3	183161.3
18	seg12	0.0	27.975932203389824	8.840829610324667	12.6	50.7	8252.9	36.75898305084748	41.87094027656629	-17.7	146.8	10843.9	620.8857627118642	30.26536310833372	570.6	776.3	183161.3
18	seg13	1.0	22.87987804878049	16.494558156119727	-7.5	55.3	7504.6	38.769817073170735	20.27859703055202	6.2	84.4	12716.5	602.436280487805	10.03223436773342	582.3	631.5	197599.1
18	seg15	0.0	-23.72795698924731	29.01892362035801	-59.9	33.5	-2206.7	74.56989247311824	24.326563139539186	38.2	130.7	6935.0	577.3139784946238	31.96794291933969	509.2	674.4	53690.2
18	seg16	1.0	-12.908510638297878	63.22473468908513	-104.8	57.2	-3033.5	75.60553191489359	49.17323103324593	23.4	145.7	17767.3	606.580425531915	20.016719602589983	528.8	650.7	142546.4
18	seg17	1.0	40.15841121495325	12.51396973774739	5.3	64.8	8593.900000000001	48.30794392523365	33.81389946023877	12.5	164.9	10337.899999999998	616.4196261682241	35.91894936137101	537.9	778.4	131913.8
19	seg1	0.0	6.979999999999995	9.551212139479118	-12.8	19.4	2617.5	23.058133333333306	7.557882012545283	8.4	38.4	8646.8	625.7221333333329	9.016451082080769	597.8	642.1	234645.8
19	seg2	1.0	10.7987460815047	4.683011214910088	1.5	26.0	3444.8	52.43761755485895	33.11953786938038	17.3	99.5	16727.6	638.2520376175548	15.68416090747687	595.8	722.3	203602.4
19	seg3	1.0	-13.133333333333338	27.820504348811195	-74.8	41.4	-4925.0	48.576266666666655	10.418944127352312	30.3	61.8	18216.1	612.1429333333334	10.16861560860452	587.0	640.3	229553.6
19	seg4	0.0	-10.119466666666671	25.888968455996	-76.0	18.1	-3794.8	39.56480000000002	10.912116245715133	1.6	51.3	14836.8	608.7197333333335	13.360606171211774	562.6	628.3	228269.9
19	seg5	1.0	14.579200000000004	0.8143672553993482	12.6	17.1	5467.200000000001	17.32	1.2728550585200185	14.5	20.3	6495.0	624.7216000000002	6.087008031318291	611.0	639.9	234270.6
19	seg6	0.0	0.9381333333333302	15.21305270205673	-27.7	29.7	351.8000000000002	21.92133333333332	9.508801443341255	-4.8	36.6	8220.5	629.0696	11.224524748959311	605.6	654.1	235901.1
19	seg7	1.0	-24.01893333333333	17.289268777545853	-52.1	30.2	-9007.100000000002	48.83013333333339	17.279033112867047	23.9	70.6	18311.3	621.6402666666669	16.98251351426584	598.0	654.1	233115.1
19	seg9	1.0	-53.29218328840967	29.1784530465107	-84.8	27.7	-19771.4	59.92318059299193	14.352262577613546	9.8	68.7	22231.5	605.4218328840971	5.282420918908785	588.6	630.8	224611.5
19	seg10	0.0	-1.9159999999999984	13.203492871206471	-26.8	26.9	-718.4999999999998	48.75546666666664	17.49199636354358	9.5	78.6	18283.3	612.6112000000006	11.331677482173587	584.4	641.1	229729.2
19	seg11	1.0	0.3451253481894162	21.26234650137972	-42.0	50.0	123.89999999999964	54.12061281337049	21.049185499905168	25.4	119.7	19429.300000000003	603.234540389972	22.38291303247635	557.2	733.0	216561.2
19	seg12	1.0	0.3451253481894162	21.26234650137972	-42.0	50.0	123.89999999999964	54.12061281337049	21.049185499905168	25.4	119.7	19429.300000000003	603.234540389972	22.38291303247635	557.2	733.0	216561.2
19	seg13	1.0	-32.41697530864199	53.84220935414138	-114.3	54.6	-10503.1	75.91203703703702	33.781535931993304	18.3	126.6	24595.5	604.7348765432099	24.287681421080915	517.0	671.1	195934.1
19	seg15	0.0	2.697402597402599	15.74556605512666	-92.2	24.0	207.7	79.61818181818181	39.73359574038635	59.0	190.7	6130.599999999999	571.120779220779	37.2342264613089	433.7	652.2	43976.29999999999
19	seg16	1.0	-0.86965811965812	8.725366931438812	-21.6	13.3	-203.5	50.70982905982908	15.839835020449328	30.9	87.3	11866.1	591.2188034188036	8.583580346198577	567.7	616.9	138345.2
19	seg17	1.0	-94.17701863354034	30.80019812884408	-122.6	5.5	-15162.5	120.75403726708072	28.100801239187565	43.8	158.1	19441.4	575.1993788819874	29.93050023529024	513.2	618.8	92607.1
20	seg1	1.0	10.354113924050631	6.287350333397162	-28.1	26.0	3271.9	53.63196202531648	33.656594477853226	17.3	111.8	16947.7	638.2522151898736	15.947712074444713	595.8	722.3	201687.7
20	seg2	1.0	-19.245989304812827	30.696710661105865	-74.8	28.2	-7198.0	57.21122994652404	7.95358070813482	33.3	69.3	21397.0	614.6064171122993	11.514868857697625	590.4	632.0	229862.8
20	seg3	0.0	15.264000000000006	1.3653072914183093	12.9	19.3	5724.0	17.389600000000016	1.2475570153971585	14.5	19.3	6521.099999999999	623.8264000000001	7.263649888772634	603.0	639.9	233934.9
20	seg4	1.0	-26.0944	18.07265472032263	-56.0	30.2	-9785.4	50.3874666666667	17.009151348089713	26.3	70.6	18895.300000000003	621.0282666666667	17.422827965886846	598.0	654.1	232885.6
20	seg5	1.0	0.3181058495821739	21.26410738092381	-42.0	50.0	114.1999999999997	54.27688022284126	21.071813680155035	25.4	119.7	19485.4	603.3317548746518	22.351896842630385	557.2	733.0	216596.1
20	seg6	1.0	-26.58333333333333	35.81797991491404	-92.2	24.0	-1435.5	96.22592592592592	42.77523593538493	45.7	190.7	5196.2	556.0944444444445	36.99100699853185	433.7	605.2	30029.1
20	seg7	1.0	-43.105	54.88660560646832	-385.2	-28.0	-1724.1999999999998	102.80250000000004	125.33311112291916	66.3	880.0	4112.1	597.2099999999999	360.1923214062176	494.7	2842.2	23888.4
20	seg9	1.0	15.131818181818176	33.91552857486372	-385.2	30.0	2330.3	32.47207792207791	72.10254646938998	-18.2	880.0	5000.7	614.1772727272728	182.27858923598424	564.3	2842.2	94583.3
20	seg10	0.0	-12.9496	31.57657264238789	-69.0	23.6	-4856.1	58.254399999999976	30.65261490705158	-18.2	94.7	21845.4	625.8471999999996	18.83371972889759	591.6	674.8	234692.7
20	seg11	1.0	-29.173866666666694	21.825579115238952	-69.0	23.3	-10940.2	48.26400000000001	17.24382045835551	21.3	88.7	18099.0	610.8429333333335	10.749432080915822	579.7	646.5	229066.1
20	seg12	1.0	-29.173866666666694	21.825579115238952	-69.0	23.3	-10940.2	48.26400000000001	17.24382045835551	21.3	88.7	18099.0	610.8429333333335	10.749432080915822	579.7	646.5	229066.1
20	seg13	1.0	-35.54747081712062	28.42372008117586	-65.9	33.0	-9135.7	78.78015564202333	20.282779952996822	34.8	113.1	20246.5	576.664980544747	27.123289978187863	515.0	620.6	148202.9
20	seg15	0.0	-31.09506172839506	11.027450610703196	-42.6	-6.4	-2518.7000000000003	97.18148148148146	6.450018874718505	89.3	118.5	7871.700000000001	618.7740740740742	42.658991722261135	572.1	737.5	50120.7
20	seg16	1.0	-30.21108108108107	12.474985193899842	-50.6	-4.5	-11178.1	59.2424324324324	25.04504287202661	11.2	93.4	21919.7	610.9737837837839	12.6755474003767	568.1	656.0	226060.3
20	seg17	0.0	-3.38359133126935	32.21208660309434	-50.4	55.6	-1092.9	76.8176470588235	21.71905395454383	41.0	110.5	24812.1	574.4105263157895	21.38195502408009	476.6	622.9	185534.6
21	seg1	0.0	-17.231283422459885	29.7054183998483	-74.8	28.2	-6444.5	59.12085561497324	8.071607551521812	33.3	69.3	22111.2	614.8379679144389	10.40697278278579	590.4	632.0	229949.4
21	seg2	0.0	-3.323200000000004	20.76804649198701	-42.8	24.8	-1246.2	32.63546666666669	12.63360157604403	8.5	49.8	12238.3	616.2312000000005	8.143326913901143	592.0	635.2	231086.7
21	seg3	1.0	13.980533333333334	1.5339603587518886	11.8	24.5	5242.700000000001	15.930133333333332	2.600917526993546	-1.4	20.3	5973.799999999999	625.5583999999998	8.680720559953533	608.2	654.1	234584.4
21	seg4	0.0	-53.85606469002693	28.348921163671523	-84.8	27.7	-19980.6	60.64204851752024	13.142479021601122	11.6	68.7	22498.2	605.2946091644204	5.125510747892578	588.6	630.8	224564.3
21	seg5	1.0	-0.8838440111420588	21.821241746328543	-42.0	50.0	-317.3	54.60640668523676	21.712852262734945	25.4	119.7	19603.7	599.8779944289693	22.422111311012248	557.2	733.0	215356.2
21	seg6	0.0	-25.97388059701493	50.22699507430937	-114.2	19.1	-3480.5	92.9134328358209	37.41375912412075	37.1	145.6	12450.4	578.0373134328357	50.87678952317395	489.6	647.2	77457.0
21	seg7	0.0	-27.19027777777778	43.55715166346339	-114.2	19.1	-3915.4	101.11805555555556	34.2895709217382	47.1	140.9	14561.0	584.1604166666666	47.608351885681074	489.6	648.8	84119.1
21	seg9	1.0	14.23245033112583	34.47448533377967	-88.5	48.2	2149.1	37.91721854304637	18.85293646771108	15.2	92.9	5725.5	605.3490066225166	18.0941865002524	546.5	644.3	91407.7
21	seg10	0.0	9.933599999999997	7.7484272193351185	-18.2	22.0	3725.1	44.196800000000025	6.966080899137864	28.5	56.6	16573.8	605.8850666666668	7.920783862444141	583.8	622.4	227206.9
21	seg11	0.0	5.380323450134771	19.034276527208696	-64.5	22.8	1996.1	79.05121293800539	26.236796805536954	37.0	117.5	29328.0	639.6911051212937	38.09392989709937	582.2	744.5	237325.4
21	seg12	0.0	5.380323450134771	19.034276527208696	-64.5	22.8	1996.1	79.05121293800539	26.236796805536954	37.0	117.5	29328.0	639.6911051212937	38.09392989709937	582.2	744.5	237325.4
21	seg13	1.0	-10.397115384615375	12.269227114479806	-40.8	4.7	-1081.3000000000002	67.40961538461539	29.214289572684898	32.8	122.5	7010.6	573.7942307692309	33.11719523996756	493.8	647.9	59674.6
21	seg15	1.0	-84.83252032520328	35.42911736217253	-122.6	5.5	-10434.4	114.64959349593498	31.02725624215031	43.8	153.2	14101.9	567.8154471544716	30.212843961587048	513.2	618.8	69841.29999999999
21	seg16	0.0	-67.04453333333333	41.4406411241697	-114.3	14.1	-25141.7	103.2589333333333	22.97171638186594	37.6	126.6	38722.1	618.2768000000002	42.96710208706189	552.1	744.5	231853.8
21	seg17	0.0	-30.21108108108107	12.474985193899842	-50.6	-4.5	-11178.1	59.2424324324324	25.04504287202661	11.2	93.4	21919.7	610.9737837837839	12.6755474003767	568.1	656.0	226060.3
22	seg1	0.0	6.756799999999996	9.493416688772628	-12.8	19.4	2533.8	23.27919999999997	7.532358242498386	8.4	38.4	8729.7	625.586133333333	8.988610258667475	597.8	642.1	234594.8
22	seg2	0.0	10.775379939209724	4.613898185546409	1.5	26.0	3545.1	51.789969604863245	32.816909279356764	17.3	99.5	17038.9	638.0249240121582	15.50059667672995	595.8	722.3	209910.2
22	seg3	0.0	-10.94826666666667	26.348800674709185	-74.8	41.4	-4105.6	48.12906666666665	10.669592078842046	30.3	61.8	18048.4	611.8658666666668	9.987218911299689	587.0	640.3	229449.7
22	seg4	0.0	-12.13973333333333	27.62232903399388	-76.0	18.1	-4552.400000000001	40.58373333333336	10.153466504707747	1.6	54.4	15218.9	608.1509333333333	13.51228351521516	562.6	628.3	228056.60000000003
22	seg5	1.0	14.68693333333334	0.8630889847261141	12.6	17.4	5507.6	17.376	1.2843301756168466	14.5	20.3	6516.0	624.1730666666668	6.664264495217923	603.0	639.9	234064.9
22	seg6	0.0	1.792266666666661	14.925197269345846	-27.7	29.7	672.0999999999995	21.61653333333332	9.48383290916119	-4.8	36.6	8106.2	628.2506666666667	11.40064528388148	605.6	654.1	235594.0
22	seg7	0.0	-22.8248	16.92878096497205	-50.2	30.2	-8559.3	47.637600000000056	17.677195843986873	18.9	70.6	17864.1	622.1256000000003	16.655109665605124	598.0	654.1	233297.1
22	seg9	0.0	-54.35256064690024	27.59551923994786	-84.8	27.7	-20164.8	61.332075471698126	11.906584771525702	14.4	68.7	22754.2	605.3040431266845	5.150820711646926	588.6	630.8	224567.8
22	seg10	1.0	-0.5405333333333361	13.333179055107436	-26.1	27.7	-202.69999999999985	47.4037333333333	17.368656426512167	9.5	78.6	17776.4	612.2704000000006	11.15698423290691	584.4	641.1	229601.4
22	seg11	0.0	0.0526462395543186	21.3293130705488	-42.0	50.0	18.899999999999977	54.74289693593318	21.017655357653712	25.4	119.7	19652.7	603.4490250696379	22.295561917615192	557.2	733.0	216638.2
22	seg12	0.0	0.0526462395543186	21.3293130705488	-42.0	50.0	18.899999999999977	54.74289693593318	21.017655357653712	25.4	119.7	19652.7	603.4490250696379	22.295561917615192	557.2	733.0	216638.2
22	seg13	1.0	-33.6361111111111	55.17407322720956	-114.3	54.6	-10898.1	77.82067901234566	34.75070438270997	18.3	126.6	25213.9	606.2092592592592	22.78747166500491	517.0	671.1	196411.8
22	seg15	0.0	2.872413793103449	14.821324259130574	-92.2	24.0	249.90000000000003	77.56781609195401	37.81309903259632	59.0	190.7	6748.400000000001	571.4494252873561	35.04995080444256	433.7	652.2	49716.09999999999
22	seg16	0.0	-0.8303278688524595	8.547220709664344	-21.6	13.3	-202.6	49.92336065573771	15.971711268274928	30.9	87.3	12181.3	591.2618852459017	8.431317384566333	567.7	616.9	144267.9
22	seg17	1.0	-95.44619883040932	30.31922797444411	-122.6	5.5	-16321.3	121.89941520467836	27.651776794483432	43.8	158.1	20844.800000000003	577.4134502923976	30.373846000202548	513.2	618.8	98737.7
23	seg1	1.0	-1.3713804713804738	29.56668014610324	-80.9	30.3	-407.3000000000002	67.14175084175079	37.72891175371665	-6.2	116.7	19941.1	635.9902356902359	20.9080334860602	581.3	722.3	188889.1
23	seg2	1.0	-16.24426666666668	29.48414376907621	-74.8	41.4	-6091.600000000001	49.12053333333333	10.187803413014128	30.3	61.8	18420.2	612.4021333333337	10.422278483240714	587.0	640.3	229650.8
23	seg3	1.0	-27.035460992907804	47.78473469820206	-114.2	13.3	-3812.0	61.778014184397165	22.329588207840143	35.9	145.6	8710.699999999999	570.2652482269502	43.13079889812923	489.6	647.2	80407.4
23	seg4	1.0	13.791168091168087	18.22588111752644	-88.5	48.2	4840.7	39.29002849002849	11.440114743974982	15.2	79.6	13790.8	607.302849002849	9.117082234156902	583.8	644.3	213163.3
23	seg5	1.0	-54.05737704918034	159.44842781947938	-1032.6	16.9	-3297.4999999999995	115.03770491803276	114.25692957273245	49.6	863.1	7017.299999999999	777.0983606557379	908.3723405155544	493.8	6785.1	47403.0
23	seg6	1.0	-84.83252032520328	35.42911736217253	-122.6	5.5	-10434.4	114.64959349593498	31.02725624215031	43.8	153.2	14101.9	567.8154471544716	30.212843961587048	513.2	618.8	69841.29999999999
23	seg7	1.0	-10.8424	30.64662573443717	-69.0	23.6	-4065.900000000001	56.99626666666664	32.374124431849715	-18.2	94.7	21373.6	626.4159999999999	19.063068937957844	591.6	674.8	234906.0
23	seg9	1.0	21.45106951871657	12.97480225315731	6.6	49.5	8022.699999999999	47.5780748663101	17.488957571438366	19.2	98.6	17794.2	585.6780748663103	33.467594679332166	551.2	777.3	219043.6
23	seg10	0.0	-3.7277333333333336	23.43188776423179	-57.6	35.9	-1397.9	80.50639999999997	20.91326498596841	43.6	113.0	30189.9	577.1125333333333	24.80799823139483	535.7	678.1	216417.2
23	seg11	1.0	-55.464420485175154	27.713040045176644	-82.3	17.7	-20577.300000000003	102.53665768194054	3.78571632958696	84.6	107.1	38041.100000000006	549.9630727762803	24.01491136599377	511.8	612.2	204036.3
23	seg12	1.0	-55.464420485175154	27.713040045176644	-82.3	17.7	-20577.300000000003	102.53665768194054	3.78571632958696	84.6	107.1	38041.100000000006	549.9630727762803	24.01491136599377	511.8	612.2	204036.3
23	seg13	1.0	12.013973799126637	27.676007240664976	-49.5	44.2	2751.2	47.16288209606989	30.88954363703036	8.0	118.5	10800.3	615.0917030567686	31.98147759761377	516.6	737.5	140856.0
23	seg15	1.0	27.98366013071895	15.262074219425749	-11.4	47.9	4281.5	42.769281045751626	39.225082479983854	6.8	127.3	6543.7	631.0810457516336	36.58285564319683	580.9	719.1	96555.4
23	seg16	1.0	-49.353571428571406	45.172693383333225	-85.7	50.7	-15200.9	101.65194805194808	24.59974981601009	30.3	124.5	31308.8	549.7016233766232	22.787686723224382	456.3	612.2	169308.09999999998
23	seg17	1.0	19.86610169491525	18.84220928938304	-140.3	37.9	4688.4	55.68855932203391	37.455047583067774	27.4	290.6	13142.5	605.0415254237289	118.47467499268454	551.4	1879.2	142789.8
24	seg1	1.0	8.488533333333338	6.582769567759624	-11.0	16.4	3183.2	23.26266666666667	6.5474753064741575	13.1	38.4	8723.5	628.2202666666665	8.881147969841638	597.8	641.8	235582.6
24	seg2	0.0	-16.825133689839557	29.009579081021894	-76.0	18.1	-6292.6	51.231550802139	14.537759033013472	1.6	76.5	19160.6	604.563101604278	15.65745886750266	554.7	654.8	226106.6
24	seg3	1.0	-21.528877005347592	30.21207960988213	-74.8	28.2	-8051.800000000001	56.619518716577545	7.626503097815316	33.3	69.3	21175.7	613.3216577540103	11.86586288748887	590.4	632.0	229382.3
24	seg4	0.0	-4.230133333333333	20.17357145662502	-42.8	24.8	-1586.2999999999995	29.13680000000001	12.6030591164738	8.5	45.7	10926.3	616.884266666667	8.382339716862404	592.0	635.2	231331.60000000003
24	seg5	1.0	-24.33614457831325	43.26666425480629	-110.1	13.3	-4039.8	64.14096385542165	21.167245873428207	35.9	145.6	10647.4	573.919879518072	39.90625795638912	489.6	647.2	95270.7
24	seg6	0.0	-16.326666666666668	31.98845406784757	-95.5	18.7	-1714.3000000000002	102.37428571428572	37.24174060832032	47.1	140.9	10749.3	597.9409523809522	36.62337971774469	507.3	648.8	62783.8
24	seg7	0.0	-5.521794871794866	41.31773789977501	-75.6	54.6	-1292.1	66.02051282051278	24.67495716000589	30.9	124.8	15448.8	599.2978632478638	30.308646542914943	506.1	663.0	140235.7
24	seg9	1.0	7.100374531835214	20.08166752653381	-32.6	46.7	1895.8	64.77902621722842	23.65751280587968	30.9	136.0	17296.0	579.115730337079	35.547740433602414	436.3	663.0	154623.90000000002
24	seg10	1.0	-33.79850746268657	35.36225955390022	-92.2	24.0	-2264.5	95.4910447761194	38.43137217905653	45.7	190.7	6397.9	557.9298507462687	33.43364118166447	433.7	605.2	37381.3
24	seg11	1.0	10.278683385579942	47.11863420985986	-75.2	68.9	3278.899999999999	72.99749216300935	33.69133159184653	15.8	128.7	23286.2	608.8282131661435	29.95225909187672	556.6	678.9	194216.2
24	seg12	1.0	10.278683385579942	47.11863420985986	-75.2	68.9	3278.899999999999	72.99749216300935	33.69133159184653	15.8	128.7	23286.2	608.8282131661435	29.95225909187672	556.6	678.9	194216.2
24	seg13	1.0	19.151123595505624	22.60353889654552	-16.6	79.3	6817.799999999999	64.92162921348314	34.991757595080216	-1.7	113.7	23112.1	580.2390449438197	34.46257077585952	504.8	650.7	206565.1
24	seg15	1.0	-11.823398328690793	45.61218144281479	-85.7	50.7	-4244.599999999999	69.32005571030648	33.30979326824919	30.3	124.5	24885.9	566.6342618384398	15.074399388838874	456.3	596.6	203421.7
24	seg16	0.0	-15.382795698924726	39.71028312329761	-376.6	4.7	-1430.6	73.17849462365592	36.86066717831648	32.8	288.9	6805.6	588.4354838709679	155.56396854923491	493.8	2042.7	54724.50000000001
24	seg17	1.0	-13.70531400966184	19.30523747545012	-41.4	36.2	-2837.0	72.67149758454103	19.58954194961913	37.0	127.0	15043.0	589.4231884057971	17.73961541441809	536.7	671.8	122010.6
25	seg1	0.0	5.788799999999998	8.84283407963759	-12.8	19.4	2170.8	24.432266666666628	7.262866206181198	8.4	38.4	9162.1	626.1823999999999	9.32756829189687	597.8	642.1	234818.4
25	seg2	0.0	-0.6986531986531959	29.78951182918482	-80.9	30.3	-207.5	57.62020202020206	40.48999206221512	-6.2	116.7	17113.2	629.4410774410774	15.52695048719205	581.3	684.5	186944.0
25	seg3	0.0	-2.839733333333336	21.57436490982348	-42.8	24.8	-1064.9	37.38373333333336	11.889245647315986	11.9	51.3	14018.9	613.820266666667	10.612443761714626	569.5	635.2	230182.6
25	seg4	1.0	13.88213333333334	1.0935816303423456	11.8	15.8	5205.799999999999	16.404533333333323	1.510639858544127	13.4	20.3	6151.7	624.7226666666666	7.907363207093051	608.2	639.9	234271.0
25	seg5	1.0	12.723750000000004	34.06291694698944	-88.5	48.2	2035.8	38.61562500000001	18.540309284350545	15.2	92.9	6178.5	605.4900000000001	17.63005317632366	546.5	644.3	96878.4
25	seg6	1.0	-71.38898071625346	41.92513384918829	-114.3	52.2	-25914.2	97.23911845730022	28.92029821439706	24.3	126.6	35297.8	605.7336088154273	23.847508545673183	552.1	720.0	219881.3
25	seg7	1.0	-22.05153374233128	24.26111118750628	-69.7	4.7	-3594.4	79.38343558282206	31.39021430065336	32.8	124.0	12939.5	577.0018404907977	27.38655456324732	493.8	647.9	94051.3
25	seg9	1.0	-83.35118110236223	35.824251377997754	-122.6	5.5	-10585.6	113.85590551181105	30.91791686441967	43.8	153.2	14459.7	565.9236220472441	31.65568565242061	494.7	618.8	71872.29999999999
25	seg10	0.0	-26.21413333333334	30.097472544753995	-69.0	23.3	-9830.3	65.12586666666668	20.181608729622013	24.4	94.7	24422.2	621.264533333333	19.648209980781672	579.7	674.8	232974.2
25	seg11	1.0	-31.43166666666668	32.422469017985385	-60.3	22.0	-1885.9000000000003	59.73833333333335	27.58157653015666	16.3	92.9	3584.3000000000006	567.995	27.035559454170723	521.2	642.2	34079.7
25	seg12	1.0	-31.43166666666668	32.422469017985385	-60.3	22.0	-1885.9000000000003	59.73833333333335	27.58157653015666	16.3	92.9	3584.3000000000006	567.995	27.035559454170723	521.2	642.2	34079.7
25	seg13	1.0	-2.9748717948717904	33.97676784493622	-30.7	54.5	-580.1000000000004	91.17230769230768	36.88458023045836	28.1	125.6	17778.600000000002	859.3302564102565	190.52068750296093	556.6	1056.7	167569.4
25	seg15	1.0	51.842028985507255	6.735228728717782	30.0	61.8	3577.1	47.95217391304347	53.85709918808532	-4.3	160.5	3308.7	623.9434782608697	12.454816637225878	584.6	654.4	43052.100000000006
25	seg16	1.0	3.792905405405399	22.60453308261297	-45.7	39.3	1122.7	80.23952702702701	30.94759451933304	36.7	129.5	23750.9	578.1773648648652	28.847264282243064	535.7	704.4	171140.5
25	seg17	1.0	-10.760144927536242	61.83373222245853	-92.7	86.5	-2969.8	153.37499999999994	60.79236512596541	35.7	205.9	42331.5	575.5536231884058	28.21095393025756	470.2	619.2	158852.8
