Part_id	Sc_id	answer	endpupilsize	maxpupilsize	maxpupilvelocity	meanpupilsize	meanpupilvelocity	minpupilsize	minpupilvelocity	startpupilsize	stddevpupilsize	stddevpupilvelocity
1.0	seg9	1.0	2591.0	3478.5	0.021645152	3165.129252	0.001383344	2542.5	0.0	3264.0	164.6781428	0.003224124
1.0	seg8	1.0	2999.5	3499.5	0.049147352	3251.365854	0.001238184	2224.5	0.0	3194.5	171.5421359	0.004279001
1.0	seg5	1.0	3536.5	4054.5	0.025758031	3469.634615	0.001764481	1621.0	0.0	2744.0	450.7951133	0.003652242
1.0	seg7	0.0	2999.5	3499.5	0.049147352	3251.365854	0.001238184	2224.5	0.0	3194.5	171.5421359	0.004279001
1.0	seg6	1.0	3194.5	3939.5	0.088381867	3388.022817	0.000787135	1532.0	0.0	3822.5	282.921137	0.00435003
1.0	seg10	1.0	3388.0	3826.5	0.064305014	3388.136555	0.00099175	1901.0	0.0	3035.0	274.4695022	0.004393593
1.0	seg3	1.0	3697.5	3947.5	0.043410387	3541.691617	0.001670188	1433.0	0.0	2518.0	361.1759481	0.004472663
1.0	seg2	1.0	1747.0	3665.5	0.104840759	3396.777407	0.000906644	0.982	0.0	3175.5	262.720442	0.004976096
1.0	seg15	1.0	2449.5	3735.0	0.022155509	3281.483776	0.000867131	2183.0	0.0	3057.5	282.1994089	0.002332463
1.0	seg13	1.0	3095.5	3633.5	0.009966977	3141.472172	0.000531508	2882.0	0.0	3119.5	172.3022473	0.000787393
1.0	seg14	1.0	3539.0	3730.0	0.069773028	3174.173333	0.000918736	1759.0	0.0	3149.0	254.4877831	0.004374185
1.0	seg17	1.0	3115.5	3392.5	0.04022816	3154.246046	0.000678131	1991.0	0.0	3076.0	130.8000171	0.00268434
2.0	seg9	1.0	4309.0	4469.0	0.015550886	4054.770751	0.000725708	2588.0	0.0	4045.5	201.6544389	0.001282884
2.0	seg8	1.0	4046.0	4502.0	0.037888795	4114.661479	0.001231866	2852.0	0.0	4012.0	233.0390177	0.003433602
2.0	seg5	1.0	3880.0	4570.5	0.004413089	4181.487097	0.000585525	3611.0	0.0	3795.0	240.3732464	0.000630078
2.0	seg7	1.0	4046.0	4502.0	0.037888795	4114.661479	0.001231866	2852.0	0.0	4012.0	233.0390177	0.003433602
2.0	seg6	1.0	4134.0	5051.5	0.095292422	4417.809693	0.00170531	2296.0	0.0	2296.0	362.5273235	0.007493463
2.0	seg10	1.0	4145.0	4596.0	0.015191546	4125.732432	0.001139426	1961.0	0.0	3573.0	297.5502607	0.001880157
2.0	seg3	1.0	4172.5	4394.0	0.020895881	3929.971354	0.000923739	2146.0	0.0	3407.0	356.0999153	0.001814165
2.0	seg2	0.0	4350.5	4597.0	0.068988292	4314.096552	0.001277954	1492.0	0.0	4515.0	193.266917	0.004809316
2.0	seg15	1.0	4436.0	4801.0	0.008706617	4530.514035	0.000599269	4104.0	0.0	4154.0	215.2821637	0.000772609
2.0	seg13	1.0	4705.5	4998.0	0.104533173	4679.743405	0.001107966	1732.0	0.0	1732.0	278.404596	0.006008837
2.0	seg14	1.0	4566.0	4578.5	0.008706617	4297.061644	0.000852242	4104.0	0.0	4313.0	124.4392372	0.001073399
2.0	seg17	1.0	3772.5	4678.5	0.040290621	4137.114367	0.001108493	3330.0	0.0	4471.0	323.3172969	0.00240928
3.0	seg9	1.0	3395.0	3762.0	0.068456134	3478.583333	0.000604645	1748.0	0.0	3762.0	140.4546799	0.00315853
3.0	seg8	1.0	3770.5	3879.5	0.005703993	3534.225664	0.00066768	2728.0	0.0	3752.0	184.6778636	0.000697077
3.0	seg7	0.0	3770.5	3879.5	0.005703993	3534.225664	0.00066768	2728.0	0.0	3752.0	184.6778636	0.000697077
3.0	seg6	1.0	3362.0	4164.0	0.024677274	3662.693396	0.000619637	2589.0	0.0	3190.5	252.7807239	0.00182298
3.0	seg3	1.0	3995.0	4073.5	0.083883752	3777.321667	0.001083051	1735.0	0.0	3477.0	288.1243647	0.005168042
3.0	seg2	1.0	3947.0	4021.5	0.083883752	3717.861111	0.002112317	1735.0	0.0	3477.0	285.4304327	0.008437249
3.0	seg15	0.0	1374.0	4013.0	0.006364837	3605.188372	0.000775428	1374.0	0.0	4013.0	333.6193906	0.000776076
3.0	seg13	1.0	3223.0	4230.0	0.004383331	3742.25	0.000944151	3223.0	0.0	3882.0	245.6093849	0.000794123
3.0	seg14	1.0	2379.0	4052.5	0.004202942	3744.550296	0.000931959	1858.0	0.0	3842.0	292.5574864	0.000781425
3.0	seg11	1.0	3587.0	4147.0	0.003062327	3827.5875	0.00057241	3587.0	0.0	3981.0	119.9284066	0.000559575
4.0	seg8	0.0	3748.5	3748.5	0.009486641	3264.725979	0.000978156	3020.0	0.0	3303.5	145.5343774	0.001479891
4.0	seg5	1.0	3418.5	3910.0	0.01864305	3431.967192	0.000833149	2966.0	0.0	3463.0	130.567036	0.001633803
4.0	seg4	0.0	3395.5	3655.0	0.040288202	3384.072897	0.000918161	2594.0	0.0	3326.5	130.5585068	0.002556165
4.0	seg6	0.0	3305.5	4090.5	0.038546983	3364.757685	0.000992977	2296.5	0.0	4039.0	275.1599552	0.002506937
4.0	seg1	0.0	3885.5	4269.5	0.161883031	3682.963208	0.001468703	2688.5	0.0	3135.0	275.1186135	0.007331556
4.0	seg3	0.0	3829.5	4252.5	0.112698889	3703.555556	0.001153707	1686.0	0.0	3467.0	236.7902932	0.006323871
4.0	seg2	1.0	3483.0	3959.0	0.07506155	3728.787719	0.001395397	1753.0	0.0	3852.5	164.5834216	0.004903971
4.0	seg15	0.0	3694.5	4035.0	0.090068452	3654.860587	0.001171966	2141.0	0.0	3208.5	225.3310775	0.00494394
4.0	seg13	0.0	3069.0	3840.0	0.108916241	3424.025597	0.001013977	1388.0	0.0	3611.5	292.0391632	0.005973357
4.0	seg14	1.0	3714.5	4035.0	0.090068452	3562.852	0.001211448	2141.0	0.0	3387.0	229.5934912	0.005400279
4.0	seg11	0.0	3701.0	4116.0	0.051546082	3663.998998	0.000851469	1780.0	0.0	3436.0	203.3591139	0.002686453
5.0	seg8	1.0	3886.5	4842.0	0.074761304	4314.041237	0.001623346	2154.0	0.0	4541.0	360.310984	0.005462046
5.0	seg5	1.0	4456.0	4647.0	0.009667347	4275.66763	0.001176304	3786.0	0.0	4388.5	229.8405873	0.00159146
5.0	seg4	1.0	4099.0	4578.5	0.020894626	4168.268135	0.001027509	3505.0	0.0	4578.5	149.8703855	0.002151211
5.0	seg6	1.0	4055.0	4804.0	0.043953405	4152.971831	0.001268471	3249.5	0.0	4566.5	304.1631321	0.003124961
5.0	seg1	1.0	4764.5	4777.5	0.025397778	4345.224138	0.001253995	3431.0	0.0	4092.5	192.5188476	0.002337142
5.0	seg3	0.0	3745.0	4954.0	0.040831032	4437.259701	0.001976892	2188.0	0.0	4435.0	327.622016	0.0045565
5.0	seg2	1.0	4774.0	4981.0	0.024798847	4566.834783	0.001326316	3612.0	0.0	4392.5	208.9779228	0.002741726
5.0	seg15	1.0	3945.0	4678.0	0.071990393	4197.091867	0.002069712	2632.0	0.0	4078.5	221.3407303	0.006294161
5.0	seg13	1.0	3850.5	4994.0	0.009666767	4079.966777	0.000957238	3718.0	0.0	3782.0	213.1571304	0.001365531
5.0	seg14	1.0	4649.5	4678.0	0.071990393	4103.086436	0.001550405	2632.0	0.0	3979.0	208.2380749	0.005535398
5.0	seg11	1.0	4255.5	4674.5	0.007445212	4201.866779	0.000639588	1546.0	0.0	4497.0	294.5928305	0.000905007
5.0	seg17	1.0	3572.0	3968.0	0.011047733	3648.091371	0.000958709	3332.0	0.0	3824.5	113.6327979	0.001569942
6.0	seg8	1.0	3923.0	4340.0	0.026658661	3930.059278	0.000711207	2984.0	0.0	3845.5	199.9350032	0.001634455
6.0	seg5	1.0	4061.5	4218.5	0.017832483	4016.192637	0.000719444	3239.0	0.0	3919.5	105.4741648	0.001507849
6.0	seg4	1.0	3992.5	4314.5	0.058004083	4003.423077	0.001082752	1887.5	0.0	4003.5	221.7342452	0.003354614
6.0	seg6	1.0	3852.5	4847.5	0.031375728	4282.760563	0.00130942	2699.0	0.0	4273.0	299.0127419	0.002825993
6.0	seg1	1.0	4267.0	4386.0	0.026568598	4054.2038	0.000915223	2578.0	0.0	3890.0	157.1721746	0.002054258
6.0	seg10	1.0	4045.0	4374.5	0.053194044	3954.332479	0.000804663	2852.0	0.0	3707.5	144.8598761	0.002650916
6.0	seg3	0.0	4165.5	4570.0	0.054398079	4149.866949	0.000805828	2498.0	0.0	4111.0	174.0024774	0.002692996
6.0	seg2	1.0	4084.0	4442.0	0.085619934	4173.548801	0.001108589	1986.0	0.0	4007.0	174.056111	0.004553842
6.0	seg15	0.0	4020.5	4270.0	0.21915773	3858.443326	0.001295507	0.928	0.0	3834.5	290.7422013	0.009398285
6.0	seg13	1.0	3836.0	3966.0	0.017592315	3629.146341	0.000890316	2158.0	0.0	3764.5	186.8837643	0.001871655
6.0	seg14	1.0	3908.5	4270.0	0.21915773	3787.709336	0.001269686	0.928	0.0	3482.0	297.53834	0.00942394
6.0	seg11	1.0	3946.0	4418.0	0.054338037	4006.659091	0.000700271	2184.0	0.0	4121.5	265.3549207	0.002463164
6.0	seg17	1.0	3861.5	4153.0	0.0364477	3717.272881	0.001008984	2278.5	0.0	4055.5	163.6075088	0.002346878
7.0	seg9	0.0	3504.0	3723.0	0.043620534	3540.74115	0.000780701	2116.0	0.0	3233.0	204.8699816	0.00297835
7.0	seg8	1.0	3325.5	3741.0	0.006905248	3533.841216	0.001054198	3325.5	0.0	3342.0	111.3988824	0.00120433
7.0	seg5	1.0	3554.0	3798.0	0.008886754	3583.205357	0.001368873	3416.0	0.0	3798.0	117.3993486	0.001892365
7.0	seg4	1.0	3755.0	4207.0	0.048937192	3914.548276	0.000875371	2273.0	0.0	3737.5	146.1848833	0.00288328
7.0	seg7	1.0	3325.5	3741.0	0.006905248	3533.841216	0.001054198	3325.5	0.0	3342.0	111.3988824	0.00120433
7.0	seg6	0.0	3442.0	4185.0	0.059711798	3855.283816	0.000940974	1927.0	0.0	4074.0	217.4511267	0.003278893
7.0	seg1	1.0	4202.5	4250.0	0.031283776	4040.912926	0.00104197	2229.0	0.0	4220.5	163.504535	0.00249597
7.0	seg10	0.0	3293.0	4369.0	0.005463825	3780.119588	0.000724023	3227.0	0.0	4288.0	247.7935319	0.000800741
7.0	seg3	1.0	3593.0	4192.0	0.129698571	3803.094828	0.001516309	1464.0	0.0	3593.0	189.762125	0.005626103
7.0	seg2	1.0	3744.5	4551.0	0.057944037	3881.535874	0.000996459	2214.0	0.0	3913.5	162.1638896	0.004203125
7.0	seg15	0.0	3557.5	3559.0	0.008916241	3362.661677	0.001063821	3106.0	0.0	3453.0	77.20954646	0.001329464
7.0	seg13	1.0	3744.5	4195.0	0.035875113	3510.005063	0.000929445	2490.0	0.0	3130.0	299.5392379	0.002198607
7.0	seg14	1.0	3459.0	3568.0	0.008916241	3399.731343	0.001096718	3149.0	0.0	3407.0	107.8383582	0.001520024
7.0	seg11	1.0	3497.0	3792.5	0.008106161	3547.060209	0.000770138	3257.5	0.0	3606.5	105.7601322	0.001009982
7.0	seg12	1.0	3497.0	3792.5	0.008106161	3547.060209	0.000770138	3257.5	0.0	3606.5	105.7601322	0.001009982
7.0	seg17	1.0	3710.0	3783.0	0.032484688	3547.957895	0.000682161	2936.0	0.0	3571.0	104.7862188	0.002468493
8.0	seg9	1.0	3977.0	4066.5	0.08225758	3690.043785	0.002185163	2395.0	0.0	3935.5	233.552589	0.006850671
8.0	seg8	1.0	3886.5	4044.0	0.042962652	3592.309038	0.000969762	2438.0	0.0	3507.0	148.1521981	0.00307226
8.0	seg5	1.0	4092.5	4224.0	0.071214123	3639.285185	0.001643625	2394.0	0.0	3431.5	232.6155457	0.00517884
8.0	seg4	1.0	3651.0	4382.0	0.036627837	3936.375233	0.001469126	2883.0	0.0	4122.0	182.8430692	0.003155694
8.0	seg7	0.0	3886.5	4044.0	0.042962652	3592.309038	0.000969762	2438.0	0.0	3507.0	148.1521981	0.00307226
8.0	seg6	1.0	3501.0	4376.5	0.064665266	3835.446623	0.002321743	2372.0	0.0	4185.0	254.6705378	0.005617332
8.0	seg1	1.0	3751.5	4181.5	0.076858412	3915.561355	0.001273784	2614.0	0.0	4094.5	171.0217015	0.004373452
8.0	seg10	1.0	3792.0	4582.0	0.026418493	3940.245567	0.000874463	3440.0	0.0	4450.5	204.6271671	0.001744953
8.0	seg3	1.0	4315.0	4567.0	0.01651255	4206.411111	0.001642142	3885.0	0.0	4259.0	147.0488285	0.00254231
8.0	seg2	1.0	4086.0	4703.0	0.04082858	4183.607977	0.001617899	2997.0	0.0	4090.0	179.4435451	0.003538929
8.0	seg15	1.0	4110.0	4405.0	0.030625113	3963.074138	0.001398838	2862.5	0.0	3327.0	243.8964033	0.002814922
8.0	seg13	1.0	3919.5	4549.0	0.044703975	4107.830303	0.001334406	3158.0	0.0	3846.5	177.2644505	0.003582212
8.0	seg14	0.0	3979.5	4059.0	0.030625113	3784.908537	0.001479348	1267.0	0.0	1267.0	340.7791742	0.003234252
8.0	seg11	1.0	3708.5	4438.0	0.036267563	3929.377395	0.001870071	3240.5	0.0	3240.5	205.5813247	0.00417758
8.0	seg12	0.0	3708.5	4438.0	0.036267563	3929.377395	0.001870071	3240.5	0.0	3240.5	205.5813247	0.00417758
8.0	seg17	0.0	3681.5	3864.0	0.047616188	3586.533688	0.001224225	2534.0	0.0	3822.0	136.0804234	0.003707248
9.0	seg9	0.0	3433.0	4550.0	0.037976584	3744.771357	0.001104949	1569.5	0.0	4072.0	308.5959089	0.00291716
9.0	seg8	1.0	3483.0	4219.0	0.023296307	3765.578759	0.000781809	3261.0	0.0	3623.5	194.4988832	0.001540147
9.0	seg7	1.0	3483.0	4219.0	0.023296307	3765.578759	0.000781809	3261.0	0.0	3623.5	194.4988832	0.001540147
9.0	seg6	0.0	3616.0	5005.0	0.036147472	3786.658981	0.001037262	3215.0	0.0	4279.5	277.7799079	0.002706243
9.0	seg1	0.0	3816.0	4502.5	0.01924347	4122.822917	0.002071527	3581.5	0.0	3581.5	249.5121659	0.003084869
9.0	seg10	0.0	3243.0	3830.5	0.063524467	3418.478984	0.000734692	1703.0	0.0	3798.5	232.760323	0.003034216
9.0	seg3	1.0	3949.5	4025.0	0.030861603	3576.671779	0.000762963	2399.0	0.0	3798.0	232.4067382	0.001999041
9.0	seg2	0.0	3696.0	4268.0	0.003752627	3831.268145	0.000630949	3527.5	0.0	3530.5	160.927152	0.000655519
9.0	seg15	1.0	3566.0	4089.5	0.012068448	3635.082203	0.000494747	3106.0	0.0	3349.5	225.9036251	0.000743965
9.0	seg13	0.0	3532.5	3846.5	0.051098835	3443.691466	0.00115209	2287.0	0.0	3412.0	208.7069501	0.003507799
9.0	seg14	1.0	3475.0	4089.5	0.012068448	3599.623435	0.000503396	2962.5	0.0	3236.0	265.6556574	0.000954685
9.0	seg11	1.0	3257.5	4310.0	0.010898283	3589.255426	0.000573732	2940.0	0.0	4310.0	367.2349451	0.000791206
9.0	seg12	1.0	3257.5	4310.0	0.010898283	3589.255426	0.000573732	2940.0	0.0	4310.0	367.2349451	0.000791206
10.0	seg8	0.0	3616.5	4462.0	0.020895881	3653.840237	0.001087398	3093.0	0.0	3842.0	206.2061452	0.002273892
10.0	seg5	1.0	4035.0	4550.0	0.032726836	4082.294671	0.001024784	2993.0	0.0	4205.0	241.7725509	0.002311389
10.0	seg7	1.0	3616.5	4462.0	0.020895881	3653.840237	0.001087398	3093.0	0.0	3842.0	206.2061452	0.002273892
10.0	seg1	1.0	4498.0	4557.5	0.035604923	3907.809925	0.001257837	3033.0	0.0	3958.5	237.7180621	0.00345701
10.0	seg10	1.0	4108.0	4408.0	0.108375863	4017.801706	0.000922107	1745.0	0.0	3779.0	286.0245942	0.005109882
10.0	seg3	1.0	3759.5	4782.0	0.05709997	3998.337232	0.001307967	2867.0	0.0	4368.0	248.8039638	0.004232508
10.0	seg2	0.0	3880.5	4288.0	0.010477334	3814.069865	0.000601606	3374.5	0.0	3641.5	216.1274542	0.000830873
10.0	seg15	1.0	4306.0	4733.0	0.039747823	4164.459559	0.001307369	3187.0	0.0	4514.0	304.9916039	0.003153372
10.0	seg13	0.0	3989.0	4645.0	0.0364477	3779.253676	0.002072867	2883.0	0.0	4645.0	274.6468984	0.003924879
10.0	seg11	1.0	4208.5	4757.0	0.012548784	4022.413366	0.001483875	3208.5	0.0	4735.0	327.6988344	0.001925171
10.0	seg12	1.0	4208.5	4757.0	0.012548784	4022.413366	0.001483875	3208.5	0.0	4735.0	327.6988344	0.001925171
11.0	seg8	0.0	3270.0	3362.5	0.006424497	3271.302817	0.000690064	3102.0	0.0	3179.0	49.70169731	0.000919705
11.0	seg5	0.0	3436.5	3685.5	0.026238367	3414.651119	0.000779312	2398.0	0.0	3211.0	172.2391164	0.002086103
11.0	seg7	1.0	3270.0	3362.5	0.006424497	3271.302817	0.000690064	3102.0	0.0	3179.0	49.70169731	0.000919705
11.0	seg6	0.0	2803.0	3538.0	0.022395677	3347.572981	0.000683705	2803.0	0.0	3440.0	94.29920293	0.001679973
11.0	seg1	0.0	3551.0	3572.0	0.007745887	3451.512397	0.000705129	3331.0	0.0	3552.0	50.86864059	0.000960042
11.0	seg10	0.0	3093.0	3575.5	0.029750826	3278.504	0.00080636	1886.0	0.0	3246.5	157.9954329	0.00197547
11.0	seg3	0.0	3395.0	3613.0	0.003062144	3411.454545	0.000471066	1887.0	0.0	1887.0	208.4910142	0.000459226
11.0	seg13	0.0	3034.5	3796.5	0.018734238	3283.672807	0.000610977	2705.0	0.0	3000.0	177.0192131	0.001217395
11.0	seg11	1.0	3093.0	3487.0	0.05740018	3088.99435	0.001856235	1389.0	0.0	3470.5	395.5152781	0.005728991
11.0	seg12	0.0	3093.0	3487.0	0.05740018	3088.99435	0.001856235	1389.0	0.0	3470.5	395.5152781	0.005728991
12.0	seg8	0.0	2849.0	3340.0	0.037766437	3052.801887	0.000875419	2003.0	0.0	3014.0	142.7156105	0.002740523
12.0	seg5	1.0	3186.5	3309.0	0.013420199	3106.944822	0.000550026	2829.0	0.0	3144.5	63.33685261	0.000965348
12.0	seg7	0.0	2849.0	3340.0	0.037766437	3052.801887	0.000875419	2003.0	0.0	3014.0	142.7156105	0.002740523
12.0	seg6	0.0	3019.5	3580.0	0.076978504	3181.898614	0.000957807	1900.0	0.0	3201.5	186.1437072	0.003975253
12.0	seg1	0.0	3488.0	3729.5	0.037826479	3435.973822	0.000947152	2381.0	0.0	3239.5	148.2227882	0.003172252
12.0	seg10	0.0	3329.5	3578.5	0.039147403	3406.717577	0.000663576	2512.0	0.0	3495.5	114.8171494	0.002611186
12.0	seg3	1.0	3767.0	3975.0	0.035366879	3413.953608	0.001020697	1524.0	0.0	2954.0	305.3293607	0.002995709
12.0	seg2	0.0	3738.5	3884.5	0.036089593	3521.414802	0.000639169	2399.0	0.0	3307.0	209.7632986	0.001931717
12.0	seg15	0.0	3176.5	3488.0	0.047072951	3245.983536	0.000580266	1998.0	0.0	3423.5	121.0044592	0.002143825
12.0	seg13	0.0	3065.0	3458.5	0.025639486	3111.160473	0.00061415	2156.0	0.0	2915.0	155.206531	0.001637865
12.0	seg14	0.0	3306.0	3488.0	0.012279332	3297.670175	0.000494105	2623.0	0.0	3242.0	115.5551892	0.000813102
12.0	seg11	1.0	3226.5	3592.0	0.060042029	3343.58726	0.001011205	1159.0	0.0	3487.5	176.4132651	0.004218745
12.0	seg12	0.0	3226.5	3592.0	0.060042029	3343.58726	0.001011205	1159.0	0.0	3487.5	176.4132651	0.004218745
13.0	seg8	0.0	3016.0	3493.0	0.015671911	3317.458333	0.001477921	2854.5	0.0	3106.0	107.3786008	0.00272166
13.0	seg5	1.0	3286.0	3689.0	0.054968478	3243.462441	0.00147195	2248.5	0.0	3251.0	204.3150626	0.004374364
13.0	seg7	1.0	3016.0	3493.0	0.015671911	3317.458333	0.001477921	2854.5	0.0	3106.0	107.3786008	0.00272166
13.0	seg6	1.0	3066.0	3877.0	0.059501651	3525.04142	0.001133756	1219.0	0.0	3690.5	234.1522221	0.004021339
13.0	seg1	1.0	3416.5	3642.5	0.025339258	3401.865297	0.000839977	2602.0	0.0	3461.0	99.44404441	0.002011863
13.0	seg10	1.0	3492.5	3638.5	0.022996097	3394.039315	0.000889041	2410.0	0.0	2410.0	107.8545737	0.001836769
13.0	seg3	1.0	3759.5	4023.0	0.124407085	3510.465473	0.00168759	1186.0	0.0	3439.0	301.487914	0.00747543
13.0	seg2	1.0	3478.0	3613.0	0.04422361	3363.472222	0.000703304	2611.5	0.0	3437.5	131.3694793	0.00256487
13.0	seg15	1.0	3689.0	3797.5	0.052897028	3525.441909	0.001076696	2840.0	0.0	3168.0	167.5399975	0.003654011
13.0	seg14	1.0	3702.0	3915.0	0.052897028	3351.769231	0.002018118	1803.0	0.0	3671.0	344.2410879	0.00645896
14.0	seg8	0.0	4823.0	5506.0	0.033263284	4461.322	0.001398115	2952.0	0.0	5506.0	345.3111473	0.003018988
14.0	seg5	1.0	4725.0	5346.0	0.031582107	4806.116625	0.001264552	3744.0	0.0	4632.0	286.9821402	0.002562699
14.0	seg7	1.0	4823.0	5506.0	0.033263284	4461.322	0.001398115	2952.0	0.0	5506.0	345.3111473	0.003018988
14.0	seg6	1.0	5284.0	5394.0	0.008046115	4672.316547	0.001495757	4075.0	0.0	4510.0	365.1810209	0.001345485
14.0	seg1	0.0	4487.0	5237.5	0.011347944	4435.57265	0.001338496	1940.0	0.0	5064.0	358.6048327	0.001665201
14.0	seg10	1.0	4432.0	5393.0	0.021074752	4758.908482	0.001965489	3520.5	0.0	4498.0	355.5257168	0.003136744
14.0	seg3	1.0	4871.0	5494.0	0.008286298	4698.296791	0.001424888	4004.0	0.0	5395.0	273.2941991	0.001627276
14.0	seg2	1.0	5271.0	5308.0	0.031884232	4735.889381	0.002474861	3807.0	0.0	5231.0	294.2922786	0.004731874
14.0	seg15	1.0	4504.5	4921.0	0.034466194	4404.946043	0.001265703	3030.0	0.0	4611.0	228.1922854	0.002632186
14.0	seg13	0.0	4368.0	4804.0	0.076077819	4395.996855	0.001599845	1901.0	0.0	4092.0	316.7048775	0.006491949
14.0	seg14	1.0	4115.0	4921.0	0.009486641	4396.889831	0.001581327	4115.0	0.0	4611.0	189.7795407	0.001811684
14.0	seg11	0.0	4323.0	4712.0	0.054217953	4261.997207	0.002319619	3282.0	0.0	4310.0	187.2425011	0.005915765
14.0	seg12	0.0	4323.0	4712.0	0.054217953	4261.997207	0.002319619	3282.0	0.0	4310.0	187.2425011	0.005915765
15.0	seg8	1.0	3251.0	3663.0	0.064845392	3357.242144	0.000886621	1993.0	0.0	1993.0	164.9734815	0.003764374
15.0	seg5	1.0	3655.5	3796.0	0.022156839	3278.145217	0.000667543	2669.0	0.0	3048.5	188.8675062	0.001625085
15.0	seg7	1.0	3251.0	3663.0	0.064845392	3357.242144	0.000886621	1993.0	0.0	1993.0	164.9734815	0.003764374
15.0	seg6	0.0	3255.0	3793.5	0.022035425	3439.541219	0.000769729	2820.5	0.0	3031.0	163.1634835	0.001576986
15.0	seg1	1.0	3839.5	3839.5	0.018372861	3441.829289	0.000642979	2953.5	0.0	3211.5	166.6465844	0.001386149
15.0	seg10	0.0	3301.0	4216.0	0.021946679	3635.866497	0.000591305	2708.0	0.0	3715.5	279.6022052	0.001161506
15.0	seg3	1.0	3912.0	3912.0	0.039209799	3514.468697	0.000633484	2487.5	0.0	3639.5	196.353161	0.001793092
15.0	seg2	0.0	3360.0	3876.5	0.047288777	3569.230375	0.000623993	2526.0	0.0	3402.0	143.8203824	0.002775729
15.0	seg15	1.0	3167.5	3459.0	0.094806364	3178.741788	0.000774933	1432.0	0.0	3171.5	188.4925004	0.004534578
15.0	seg13	0.0	3252.0	3610.0	0.023506455	3316.959854	0.000746305	2671.5	0.0	3407.5	132.6603518	0.001748562
15.0	seg14	0.0	3453.0	3494.5	0.035574902	3256.244545	0.00060192	2170.0	0.0	3398.5	136.3941596	0.001913734
15.0	seg11	1.0	2661.0	3523.5	0.032484688	3283.803183	0.000687432	2661.0	0.0	3327.5	125.8968839	0.00179881
15.0	seg12	1.0	2661.0	3523.5	0.032484688	3283.803183	0.000687432	2661.0	0.0	3327.5	125.8968839	0.00179881
16.0	seg8	1.0	3655.5	4327.5	0.041969379	3943.921456	0.000942617	1847.0	0.0	4088.0	259.5724108	0.00252117
16.0	seg5	1.0	4230.0	5000.0	0.045874865	4516.903292	0.001625672	2863.0	0.0	4485.0	211.3073725	0.00434952
16.0	seg7	1.0	3655.5	4327.5	0.041969379	3943.921456	0.000942617	1847.0	0.0	4088.0	259.5724108	0.00252117
16.0	seg6	0.0	3390.0	4379.0	0.082077454	3870.427835	0.000835242	2260.0	0.0	4207.0	286.3537149	0.003762867
16.0	seg1	1.0	3946.5	4007.0	0.02425698	3685.583477	0.000772797	2816.0	0.0	3673.5	148.8170666	0.002103541
16.0	seg10	1.0	3914.0	4303.5	0.075532873	3973.503396	0.000760948	2209.0	0.0	4296.5	221.1186944	0.003485549
16.0	seg3	1.0	4137.5	4544.5	0.037015911	4009.931937	0.000722963	2833.0	0.0	4196.0	304.8480888	0.002210296
16.0	seg2	1.0	4103.5	4334.5	0.055148604	3998.609797	0.000668624	2791.0	0.0	3510.0	192.5059907	0.002541987
16.0	seg15	1.0	3588.0	4658.0	0.022155509	3938.700226	0.000816543	3248.0	0.0	4213.5	231.5782953	0.001490773
16.0	seg13	0.0	3798.5	4276.0	0.026448514	3866.181928	0.001016658	3433.0	0.0	3522.0	180.4747999	0.002116969
16.0	seg14	1.0	3840.0	4658.0	0.022155509	4050.703209	0.001085905	3525.0	0.0	4260.0	224.0470469	0.002061531
16.0	seg11	1.0	4207.0	4664.0	0.043590513	4169.011236	0.001156645	3054.0	0.0	4289.0	219.3968341	0.003144041
16.0	seg12	1.0	4207.0	4664.0	0.043590513	4169.011236	0.001156645	3054.0	0.0	4289.0	219.3968341	0.003144041
17.0	seg5	1.0	2840.0	3304.0	0.004563194	3017.525	0.00159974	2826.5	6e-05	2937.0	119.5166971	0.001421199
17.0	seg6	0.0	3260.0	3778.5	0.01627139	3346.407816	0.001758986	2791.0	0.0	3513.0	181.1799637	0.002271808
17.0	seg1	0.0	3051.0	4383.0	0.022695887	3707.918447	0.001251757	3051.0	0.0	3770.0	293.6628506	0.001786171
17.0	seg10	1.0	3377.5	3429.5	0.013689583	3083.619891	0.001510873	2780.0	0.0	3305.0	148.4222417	0.00195515
17.0	seg3	0.0	3132.5	3775.0	0.020115288	3469.60049	0.001394873	2623.0	0.0	3489.0	181.4862992	0.002343764
17.0	seg15	1.0	3162.0	3591.0	0.013509457	3076.942105	0.001937231	2715.5	0.0	3211.0	172.607874	0.002388801
17.0	seg13	0.0	3001.0	3490.0	0.013300108	3037.188366	0.001608145	2552.0	0.0	3002.0	153.7434478	0.001990942
17.0	seg14	0.0	3069.5	3591.0	0.013509457	3082.002762	0.00226485	2715.5	0.0	3251.0	187.3602405	0.002720766
17.0	seg11	1.0	3214.0	3305.0	0.023297706	3147.47351	0.000888145	2858.5	0.0	3135.5	84.62442505	0.001778183
17.0	seg17	0.0	3031.0	3095.0	0.003482438	2978.54717	0.001025366	2866.0	0.0	3021.0	72.86831274	0.001000625
18.0	seg16	1.0	2479.0	2702.0	0.029480636	2509.085938	0.000746537	1977.0	0.0	2502.5	79.26743845	0.002225391
18.0	seg5	1.0	2474.0	2693.0	0.004743605	2536.205986	0.000567756	1571.0	0.0	1571.0	106.5647035	0.000609495
18.0	seg4	1.0	2390.0	2745.0	0.011108442	2463.658537	0.000750073	1307.0	0.0	2525.5	161.0188296	0.001371846
18.0	seg6	1.0	2530.5	2821.0	0.027981266	2534.525391	0.000669201	2335.0	0.0	2355.0	91.73916744	0.001830213
18.0	seg1	1.0	2532.0	2656.0	0.017832483	2462.838362	0.000576445	2334.0	0.0	2476.5	60.64353192	0.000962843
18.0	seg10	1.0	2418.0	2671.5	0.006664665	2491.592857	0.000599699	2050.0	0.0	2492.5	98.754564	0.000725469
18.0	seg3	1.0	2914.0	3498.0	0.081236866	2662.419913	0.002114391	1546.0	0.0	2909.0	235.0041514	0.006934473
18.0	seg2	1.0	2512.5	2826.5	0.005824077	2524.299302	0.000460563	2384.0	0.0	2826.5	78.13491805	0.000526064
18.0	seg15	0.0	2486.5	2778.0	0.004683278	2464.632948	0.000623719	2282.0	0.0	2282.0	78.59064524	0.000696454
18.0	seg13	1.0	2524.5	2820.5	0.005824427	2525.352857	0.000557131	2378.5	0.0	2780.5	103.6875841	0.000655479
18.0	seg14	1.0	2536.0	2608.5	0.00564429	2429.63625	0.000711453	2282.0	0.0	2543.0	76.79251942	0.00083738
18.0	seg11	0.0	2657.5	2858.5	0.041041191	2592.179298	0.000658691	1918.0	0.0	1918.0	67.66029811	0.002159311
19.0	seg16	0.0	3058.0	3163.0	0.038426899	2874.257979	0.001010125	1967.5	0.0	2873.5	105.8533262	0.002745428
19.0	seg9	1.0	2838.0	3029.0	0.036325428	2850.01486	0.000801894	1381.0	0.0	2688.5	92.79274803	0.002007388
19.0	seg4	1.0	2762.0	3253.0	0.055542212	2855.96	0.001174172	1878.5	0.0	3141.0	108.2165293	0.004028848
19.0	seg7	1.0	2867.0	3098.5	0.03224257	2782.823905	0.001084947	1877.0	0.0	2799.0	116.3314565	0.002331339
19.0	seg1	1.0	3140.0	3240.5	0.023296307	2944.675221	0.001021605	1941.0	0.0	2963.0	124.4458116	0.002144052
19.0	seg10	0.0	3148.0	3310.0	0.042872583	2960.157025	0.001659491	1965.0	0.0	2802.5	140.9419808	0.003741503
19.0	seg3	1.0	3099.5	3374.0	0.06034224	3057.066202	0.001122995	1663.0	0.0	3185.0	154.1930607	0.003420449
19.0	seg2	0.0	3268.0	3591.0	0.084604299	3148.985269	0.001137849	1932.0	0.0	3070.5	168.7487455	0.004346529
19.0	seg15	0.0	2833.5	3089.0	0.050438333	2840.898936	0.001224655	2039.5	0.0	2865.5	121.3369444	0.003387851
19.0	seg13	0.0	2163.0	3043.5	0.059831882	2794.905063	0.001224901	1051.0	0.0	2797.0	133.2650171	0.003320785
19.0	seg14	1.0	2806.5	3311.5	0.050438333	2815.371094	0.001529921	1929.5	0.0	2901.0	148.2330931	0.004145317
19.0	seg11	1.0	2801.5	3155.0	0.073251276	2866.716312	0.001032552	1728.0	0.0	3117.0	158.837071	0.004002552
19.0	seg12	1.0	2801.5	3155.0	0.073251276	2866.716312	0.001032552	1728.0	0.0	3117.0	158.837071	0.004002552
20.0	seg16	1.0	4215.5	4215.5	0.006124287	3788.256499	0.000791275	3484.0	0.0	3926.5	158.5362408	0.001146128
20.0	seg9	1.0	3543.5	3969.5	0.024978984	3798.552632	0.001687734	3121.0	0.0	3894.0	136.1373468	0.003909529
20.0	seg4	1.0	3324.5	3769.0	0.037226058	3538.788719	0.000860259	2504.5	0.0	3519.5	101.6864255	0.002297116
20.0	seg7	1.0	3953.0	4163.0	0.005584579	3892.075812	0.000839513	3671.5	0.0	4083.0	116.8576941	0.0010663
20.0	seg1	1.0	3444.0	4551.0	0.020897136	3969.974619	0.001200262	3413.0	0.0	4308.0	226.4267843	0.002484681
20.0	seg3	1.0	3490.0	4126.0	0.011228534	3825.206897	0.001193484	3456.5	0.0	3681.5	156.4406125	0.001771581
20.0	seg2	1.0	4216.0	4321.0	0.015610928	4050.554878	0.000798479	3709.0	0.0	3792.0	128.4987372	0.001436426
20.0	seg15	1.0	3775.5	4755.0	0.02557944	3851.378049	0.000922306	3047.5	0.0	4755.0	219.0505708	0.002002176
20.0	seg13	0.0	3856.5	4220.0	0.015101477	3841.199612	0.000965194	2249.0	0.0	2297.0	270.6859421	0.00167735
20.0	seg14	0.0	3581.5	4755.0	0.02557944	3909.471557	0.00087064	3209.0	0.0	4077.0	205.0139963	0.001864381
20.0	seg11	1.0	4145.5	4218.5	0.042779946	3808.313107	0.001141355	2197.0	0.0	3440.5	233.245269	0.002441001
20.0	seg12	1.0	4145.5	4218.5	0.042779946	3808.313107	0.001141355	2197.0	0.0	3440.5	233.245269	0.002441001
21.0	seg16	1.0	3196.5	3844.0	0.056139298	3372.910185	0.001224833	2087.5	0.0	3453.0	226.0571738	0.003401081
21.0	seg9	0.0	3090.5	3526.0	0.030142909	3012.473118	0.000878634	2286.0	0.0	3139.0	88.37444915	0.001810517
21.0	seg4	0.0	3463.5	3659.0	0.045031522	3425.821244	0.000745018	2145.0	0.0	3321.5	122.2133696	0.002083461
21.0	seg7	1.0	3118.0	3945.0	0.052716902	3215.980565	0.000922604	1498.0	0.0	3392.5	144.1260896	0.003350889
21.0	seg1	1.0	3639.5	3663.5	0.020654458	3349.753559	0.000756693	2623.0	0.0	3191.5	129.40631	0.00137016
21.0	seg10	0.0	3722.0	3778.0	0.034226012	3209.918349	0.0010732	2082.0	0.0	3292.0	229.8093364	0.002577002
21.0	seg3	0.0	3227.0	3914.0	0.045274409	3566.043029	0.000889081	2536.5	0.0	3441.5	178.5898616	0.002889884
21.0	seg2	0.0	3604.0	3916.5	0.063404383	3633.675043	0.000727539	2440.0	0.0	3504.5	153.3388944	0.003284158
21.0	seg15	0.0	3365.0	3801.0	0.05956527	3227.599472	0.001029793	1703.0	0.0	1703.0	203.4015461	0.003501336
21.0	seg13	0.0	3587.0	3831.5	0.037166016	3348.127383	0.000753371	2429.0	0.0	3111.0	228.4893832	0.002252154
21.0	seg14	1.0	3577.0	3801.0	0.05956527	3186.168111	0.000891842	1703.0	0.0	3155.0	179.3501347	0.003183649
21.0	seg11	0.0	3341.5	3568.5	0.040558391	3343.862917	0.000883492	2239.0	0.0	3482.5	136.3022952	0.003027462
21.0	seg12	1.0	3341.5	3568.5	0.040558391	3343.862917	0.000883492	2239.0	0.0	3482.5	136.3022952	0.003027462
22.0	seg16	0.0	2408.5	2497.5	0.006484929	2383.825243	0.000600636	2016.0	0.0	2290.5	77.76727192	0.000896567
22.0	seg9	0.0	2206.0	3025.0	0.011348625	2327.402913	0.001098933	2024.5	0.0	2378.0	158.0961184	0.001624044
22.0	seg4	0.0	2601.0	2651.0	0.022335635	2469.75519	0.00071588	2042.0	0.0	2314.0	90.89658463	0.00144179
22.0	seg7	0.0	2376.0	2676.0	0.028159712	2368.024164	0.000858628	1714.0	0.0	2519.0	91.87372891	0.00217511
22.0	seg1	1.0	2628.5	2638.0	0.024317022	2459.375224	0.000732054	1855.0	0.0	1855.0	113.818201	0.002015387
22.0	seg10	0.0	2087.0	2554.0	0.007625796	2312.634956	0.00118683	2069.0	0.0	2285.0	101.3663682	0.001355281
22.0	seg3	0.0	2251.5	2871.0	0.01981387	2332.692737	0.001568124	1735.0	0.0	2871.0	147.8054185	0.003051952
22.0	seg2	0.0	1484.0	2768.0	0.019696151	2101.455	0.001783193	0.92	0.0	1585.0	314.2018966	0.003488923
22.0	seg15	0.0	2281.0	2821.0	0.035184629	2397.110236	0.002068272	1731.0	0.0	2760.0	124.8513706	0.005287583
22.0	seg13	1.0	2323.0	2554.0	0.012668868	2241.051118	0.001086544	1946.0	0.0	2205.0	106.8290433	0.001486172
22.0	seg14	0.0	2342.0	2760.0	0.007355149	2368.966019	0.000725677	2237.5	0.0	2334.5	81.4819017	0.001302152
22.0	seg11	0.0	2402.0	2821.0	0.027199039	2419.52799	0.000972983	1674.0	0.0	2466.5	137.6890925	0.002583396
22.0	seg12	1.0	2402.0	2821.0	0.027199039	2419.52799	0.000972983	1674.0	0.0	2466.5	137.6890925	0.002583396
23.0	seg16	0.0	3818.0	3849.5	0.059441609	3605.334532	0.000924747	2079.0	0.0	3592.0	169.1035227	0.004244433
23.0	seg9	1.0	3876.0	3876.0	0.07980544	3659.924731	0.000791937	1775.0	0.0	3509.0	153.967871	0.004402364
23.0	seg4	1.0	3432.0	3762.0	0.006004563	3423.634354	0.000438753	3119.0	0.0	3504.0	118.3564901	0.000535718
23.0	seg7	1.0	2925.0	3640.5	0.022575803	3336.146104	0.000752344	2513.0	0.0	3088.0	170.6719125	0.001916599
23.0	seg1	1.0	3489.0	3826.0	0.036355449	3467.71057	0.000633397	2916.0	0.0	3645.5	233.4347868	0.001932727
23.0	seg10	1.0	3930.5	4224.0	0.056739718	3704.117916	0.001096548	1886.0	0.0	3361.0	291.2906754	0.003956498
23.0	seg3	1.0	3707.0	3845.5	0.00888622	3499.161905	0.000938261	1956.0	0.0	3769.5	246.6462123	0.001257915
23.0	seg2	1.0	3602.0	3950.0	0.019694968	3586.67338	0.000716882	3211.5	0.0	3337.0	169.787299	0.001290599
23.0	seg15	1.0	3274.0	4023.5	0.045006906	3701.870277	0.000817136	2938.0	0.0	3248.0	224.92702	0.002680037
23.0	seg13	0.0	3133.0	3857.0	0.075592915	3504.246362	0.000862342	1614.0	0.0	3580.0	292.4766553	0.003722659
23.0	seg14	1.0	3930.5	3937.0	0.016812778	3608.218045	0.000810247	2938.0	0.0	3248.0	209.4536501	0.001713951
23.0	seg11	1.0	3485.0	3866.5	0.049957968	3561.611298	0.000528782	2834.0	0.0	3742.0	170.5561533	0.002574834
23.0	seg12	1.0	3485.0	3866.5	0.049957968	3561.611298	0.000528782	2834.0	0.0	3742.0	170.5561533	0.002574834
24.0	seg16	1.0	3134.0	4273.0	0.036865806	3681.820779	0.001646544	2615.0	0.0	4223.0	299.2004346	0.00361694
24.0	seg9	1.0	3189.0	4089.5	0.045211648	3521.109524	0.001096236	1238.0	0.0	4006.0	318.0781488	0.002965087
24.0	seg4	0.0	3604.5	4430.0	0.072290603	3961.133681	0.002006303	2556.0	0.0	3874.5	255.6410069	0.006834954
24.0	seg7	1.0	3826.0	4243.0	0.111024379	3688.298587	0.001836105	1848.0	0.0	1848.0	335.4969772	0.007452962
24.0	seg1	1.0	3643.5	4983.0	0.059081357	4077.440181	0.002119515	2624.0	0.0	4161.5	277.29015	0.006852665
24.0	seg10	0.0	3996.5	4684.0	0.026358451	3956.799769	0.001196503	3279.5	0.0	3847.5	180.0623824	0.002559246
24.0	seg3	0.0	3811.0	4322.5	0.027022158	3854.276801	0.000991314	3329.5	0.0	3508.0	260.2456963	0.001620179
24.0	seg2	0.0	3850.5	4382.5	0.058664585	3814.354839	0.001323485	1371.0	0.0	3126.0	340.6385248	0.004250725
24.0	seg15	1.0	3548.0	4454.0	0.022937432	3789.208171	0.002264898	3366.0	0.0	3696.0	228.7510085	0.003798883
24.0	seg13	1.0	1934.0	4417.0	0.071870309	3867.931973	0.001283194	1863.0	0.0	3859.0	429.6398509	0.004410331
24.0	seg14	1.0	4013.0	4454.0	0.022937432	3809.016949	0.002562796	3389.5	0.0	3884.5	249.8252565	0.004319192
24.0	seg11	0.0	3601.0	5002.0	0.038546983	3923.393352	0.001666215	2280.0	0.0	4695.0	316.2767672	0.003760898
24.0	seg12	1.0	3601.0	5002.0	0.038546983	3923.393352	0.001666215	2280.0	0.0	4695.0	316.2767672	0.003760898
25.0	seg16	1.0	4095.5	4217.0	0.063948601	3853.755973	0.001988957	2735.0	0.0	3912.0	278.9630677	0.005413737
25.0	seg4	1.0	3130.0	4394.0	0.055719003	3762.676776	0.001121787	2717.0	0.0	3999.5	122.56787	0.003228256
25.0	seg7	1.0	4062.0	4220.5	0.029062087	3710.893617	0.00192608	3050.0	0.0	3050.0	305.3426497	0.004065322
25.0	seg1	1.0	4173.0	4439.0	0.054461391	3788.575835	0.002218701	2806.0	0.0	3205.0	210.1334076	0.004568527
25.0	seg10	1.0	4425.0	4556.0	0.009516662	4093.865741	0.001592361	3834.0	0.0	3834.0	179.9840934	0.002090115
25.0	seg3	1.0	4136.0	4285.5	0.03521465	3921.748062	0.00189607	2671.0	0.0	3694.0	231.6071167	0.004011385
25.0	seg2	1.0	4050.0	4648.5	0.056979886	4211.072539	0.002146232	3141.0	0.0	3247.0	290.7960338	0.005148864
25.0	seg13	0.0	3924.5	4055.5	0.005464153	3810.352041	0.000765075	3456.0	0.0	3456.0	156.3232873	0.000951963
